review,rating,date,bank,source,vader_sentiment,bert_sentiment
I like this mobile banking app very much. Overall user interface and navigation is awesome. But it lacks instant response when someone deposit or withdraw money.,2,2025-06-07,DASHEN,Google Play,positive,NEGATIVE
love,3,2025-06-06,DASHEN,Google Play,positive,POSITIVE
·àò·â∏·à∏·å†,5,2025-06-03,DASHEN,Google Play,neutral,NEGATIVE
wow,5,2025-06-03,DASHEN,Google Play,positive,POSITIVE
gadaa,5,2025-06-01,DASHEN,Google Play,neutral,NEGATIVE
Massive upgrade from the Amole app.,5,2025-05-31,DASHEN,Google Play,neutral,POSITIVE
good,4,2025-05-31,DASHEN,Google Play,positive,POSITIVE
very good for this app,5,2025-05-31,DASHEN,Google Play,positive,POSITIVE
top,5,2025-05-31,DASHEN,Google Play,positive,POSITIVE
this app better than Amole . but the biometric on new update doesn't work,4,2025-05-31,DASHEN,Google Play,positive,NEGATIVE
Wow,5,2025-05-30,DASHEN,Google Play,positive,POSITIVE
wow to it saff and this app,5,2025-05-30,DASHEN,Google Play,positive,POSITIVE
it too slow,3,2025-05-29,DASHEN,Google Play,neutral,NEGATIVE
·ã≥·àΩ·äï ·â£·äï·ä≠ ·ã≠·àà·ã´·àç,4,2025-05-28,DASHEN,Google Play,neutral,NEGATIVE
real life changer,5,2025-05-28,DASHEN,Google Play,neutral,POSITIVE
üëçüëçüëç,5,2025-05-28,DASHEN,Google Play,neutral,NEGATIVE
nice application,5,2025-05-27,DASHEN,Google Play,positive,POSITIVE
useless app ever loading take long,1,2025-05-27,DASHEN,Google Play,negative,NEGATIVE
"Game changer app! Dashen Bank Super App is fast, secure, and easy to use. The three-click payment makes sending money super quick, and the QR code payment is perfect for cashless shopping. I also love the biometric login and easy airtime and bill payments. Everything I need is in one place. Dashen Bank has really raised the bar for digital banking in Ethiopia. Highly recommended!",5,2025-05-26,DASHEN,Google Play,positive,POSITIVE
very useful App,1,2025-05-26,DASHEN,Google Play,positive,POSITIVE
"Simple, robust features? Yes, please! But the endless loading screen killed the fun‚ÄîI couldn‚Äôt use it for days. Fix the glitch, and I‚Äôll yeet a higher rating!",2,2025-05-26,DASHEN,Google Play,negative,NEGATIVE
Wawww,5,2025-05-24,DASHEN,Google Play,neutral,NEGATIVE
it is good but some times says duplicate transaction why?,5,2025-05-24,DASHEN,Google Play,positive,NEGATIVE
very Nice,5,2025-05-23,DASHEN,Google Play,positive,POSITIVE
its best,5,2025-05-23,DASHEN,Google Play,positive,POSITIVE
it is not as good as to the other mobile bank app.,1,2025-05-22,DASHEN,Google Play,negative,NEGATIVE
"The best of best is now arrived **Empowering Your Financial Freedom** ""Experience seamless banking at your fingertips with Dashen Bank. Empowering your financial freedom, anytime, anywhere!"" **Innovation Meets Convenience** ""Dashen Bank Mobile Banking: Where innovation meets convenience. **Secure and Reliable** ""Bank with confidence",5,2025-05-22,DASHEN,Google Play,positive,POSITIVE
Nothing is changed in the updated version. You have been collecting comments but where is the feed back you improved in this version. superapp is mot functioning today.,4,2025-05-20,DASHEN,Google Play,positive,NEGATIVE
The best app ever in finance sector,5,2025-05-18,DASHEN,Google Play,positive,POSITIVE
Its good app than other compitators but it confuse when we transfer it needs OTP and PIN most user inter their pin instead of OTP we know the litrecy level of our society so if it is device based i dont know the needs of OTP so please try to fix,3,2025-05-18,DASHEN,Google Play,positive,NEGATIVE
dashen bank or dashen super app?,1,2025-05-17,DASHEN,Google Play,positive,NEGATIVE
wowwwe app,5,2025-05-17,DASHEN,Google Play,neutral,POSITIVE
"Transferring to other bank accounts is a hastle and inconvenient .Get used to seeing "" please try again """,2,2025-05-17,DASHEN,Google Play,neutral,NEGATIVE
always lagging,1,2025-05-16,DASHEN,Google Play,negative,NEGATIVE
Amazing Application...,5,2025-05-16,DASHEN,Google Play,positive,POSITIVE
Fantastic,5,2025-05-16,DASHEN,Google Play,positive,POSITIVE
"Dashen bank app is very good, but sometimes it is not working well",5,2025-05-15,DASHEN,Google Play,neutral,NEGATIVE
its my choice,5,2025-05-15,DASHEN,Google Play,neutral,POSITIVE
wow apo,5,2025-05-15,DASHEN,Google Play,positive,POSITIVE
awesome app keep going,5,2025-05-14,DASHEN,Google Play,positive,POSITIVE
üëç,5,2025-05-14,DASHEN,Google Play,neutral,NEGATIVE
"It grows ethiopian digital banking step ahead.All fetures in one,simple fast and convince.",5,2025-05-14,DASHEN,Google Play,positive,POSITIVE
Game changer,5,2025-05-13,DASHEN,Google Play,neutral,POSITIVE
Totally amazing,5,2025-05-13,DASHEN,Google Play,positive,POSITIVE
super üòé,5,2025-05-13,DASHEN,Google Play,positive,POSITIVE
what a helpful app!!!!,5,2025-05-13,DASHEN,Google Play,positive,POSITIVE
Good,4,2025-05-13,DASHEN,Google Play,positive,POSITIVE
nice,5,2025-05-13,DASHEN,Google Play,positive,POSITIVE
"To be honest, best banking and lifestyle app in Ethiopia.",5,2025-05-12,DASHEN,Google Play,positive,POSITIVE
fast,5,2025-05-12,DASHEN,Google Play,neutral,POSITIVE
"A must have, seamless, all in one digital platform ""DB Superapp""! Keep living your motto ""Always one step ahead""",5,2025-05-12,DASHEN,Google Play,neutral,POSITIVE
"This App makes digital banking effortless and convenient. User-friendly interface, secure transactions, and excellent features for managing finances efficiently.",4,2025-05-10,DASHEN,Google Play,positive,POSITIVE
Amazing app super easy to use and best design. loved it.,5,2025-05-09,DASHEN,Google Play,positive,POSITIVE
its the best ever,5,2025-05-09,DASHEN,Google Play,positive,POSITIVE
excellent game changer App,5,2025-05-08,DASHEN,Google Play,positive,POSITIVE
I am highly excited by using this application and it is the most favorable as well as preferrable mobile app.,5,2025-05-03,DASHEN,Google Play,positive,POSITIVE
it seems me logging out within minutes,1,2025-05-03,DASHEN,Google Play,neutral,NEGATIVE
nice app especially GUI and I have got some error when you send within dashen bank the receipter is not get SMS notification,4,2025-05-03,DASHEN,Google Play,neutral,NEGATIVE
yes i want dashen super open,5,2025-05-02,DASHEN,Google Play,positive,POSITIVE
Best App,5,2025-05-02,DASHEN,Google Play,positive,POSITIVE
faster than this version,5,2025-05-01,DASHEN,Google Play,neutral,POSITIVE
"Best UI mobile banking app, props to design team",5,2025-04-30,DASHEN,Google Play,positive,POSITIVE
thank you,4,2025-04-30,DASHEN,Google Play,positive,POSITIVE
great app,5,2025-04-30,DASHEN,Google Play,positive,POSITIVE
bad.,1,2025-04-30,DASHEN,Google Play,negative,NEGATIVE
Dashen bank always one step ahead,5,2025-04-30,DASHEN,Google Play,neutral,POSITIVE
dashen super app is secure band very easy,5,2025-04-29,DASHEN,Google Play,positive,POSITIVE
It is very fast and secured mobile banking app! I like this app!,5,2025-04-29,DASHEN,Google Play,positive,POSITIVE
best app I have ever seen,5,2025-04-29,DASHEN,Google Play,positive,POSITIVE
best of best,5,2025-04-29,DASHEN,Google Play,positive,POSITIVE
waw,5,2025-04-28,DASHEN,Google Play,neutral,NEGATIVE
best app,5,2025-04-28,DASHEN,Google Play,positive,POSITIVE
Its slow when i try to see the Recent Transaction and stucked,1,2025-04-28,DASHEN,Google Play,neutral,NEGATIVE
wowslnwoooo wowwww amazing !!!!!!!!,5,2025-04-28,DASHEN,Google Play,positive,POSITIVE
wow appl,5,2025-04-28,DASHEN,Google Play,positive,POSITIVE
why do i have to change a pin number i use my finger print so dummy,1,2025-04-27,DASHEN,Google Play,positive,NEGATIVE
very nice,5,2025-04-26,DASHEN,Google Play,positive,POSITIVE
great,4,2025-04-26,DASHEN,Google Play,positive,POSITIVE
"It is very slow and it lacks many features to be a super app. High rating is given by their employees, not by the customers.",1,2025-04-25,DASHEN,Google Play,positive,NEGATIVE
"Smooth and secure experience transfers, bill payments, and tracking expenses are all effortless. The intuitive design makes banking on the go.",5,2025-04-24,DASHEN,Google Play,positive,POSITIVE
Very easy and Fast.,5,2025-04-24,DASHEN,Google Play,positive,POSITIVE
Incomparably user-friendly and fast app for mobile banking.,5,2025-04-24,DASHEN,Google Play,neutral,NEGATIVE
"there is nothing super about this app, repeatedly failed transaction and wastes customer valuable time. if you have to do system upgrade do it at a time when there is less traffic demand. your Technical difficulty should not be reflected on customer.",2,2025-04-24,DASHEN,Google Play,negative,NEGATIVE
execellent,5,2025-04-24,DASHEN,Google Play,neutral,NEGATIVE
"This super app is a total game-changer‚Äîfast, reliable, and packed with everything I need in one place. It‚Äôs seamless and super convenient. Love it!""",5,2025-04-23,DASHEN,Google Play,positive,POSITIVE
All in One ‚úçÔ∏èsecure ‚úçÔ∏èreliable ‚úçÔ∏èconvenient. Digital banking game changer!!,5,2025-04-23,DASHEN,Google Play,neutral,NEGATIVE
it is incredible product.,5,2025-04-23,DASHEN,Google Play,neutral,POSITIVE
"I'm really impressed with this app! It‚Äôs user-friendly, runs smoothly, and has all the features I need. Makes my tasks so much easier and saves me a lot of time. Highly recommended!",5,2025-04-23,DASHEN,Google Play,positive,POSITIVE
ok,5,2025-04-23,DASHEN,Google Play,positive,POSITIVE
"It's an amazing app, experience it!!",5,2025-04-23,DASHEN,Google Play,positive,POSITIVE
This is the best banking app ever. I recommend everyone to use it.,5,2025-04-23,DASHEN,Google Play,positive,POSITIVE
It is the best application!!!,5,2025-04-22,DASHEN,Google Play,positive,POSITIVE
"Exceptional digital experience, SupperApp will bring new paradigm shift in the banking business. Bravo Dashen keep it up!!!!",5,2025-04-22,DASHEN,Google Play,neutral,POSITIVE
its features are so dynamic,5,2025-04-22,DASHEN,Google Play,positive,POSITIVE
fast &Friendly user Application.,5,2025-04-22,DASHEN,Google Play,positive,POSITIVE
"Fast, Reliable and User Friendly. Keep it Up",5,2025-04-22,DASHEN,Google Play,positive,POSITIVE
"#dashen super app is easy to use, secure & fast transactionüòç",5,2025-04-22,DASHEN,Google Play,positive,POSITIVE
i love this app esp 3 click that make e-commerce easier and convinient.,5,2025-04-22,DASHEN,Google Play,positive,POSITIVE
Dashen Super App contains extended selections for customers and can be easily accessible and also friendly to use.,5,2025-04-22,DASHEN,Google Play,positive,POSITIVE
Great for everyday banking and payments on the go,5,2025-04-22,DASHEN,Google Play,positive,POSITIVE
"""Dashen Super App'' is impressive with its focus on simplicity, speed, and quality. The user interface is clean and easy to understand. Transactions process quickly, and the overall quality of the app is top-notch. A must-have for Dashen Bank customers. ·ã≥·à∏·äï ·â£·äï·ä≠ ·ä†·äï·ãµ ·ä•·à≠·àù·åÉ ·âÄ·ã≥·àö·ç¢",5,2025-04-22,DASHEN,Google Play,positive,POSITIVE
making transactions has never been easier. the new update is just amazing,5,2025-04-22,DASHEN,Google Play,positive,POSITIVE
"The app has various usefull functions, which make easy the payment system. Also, it will connect with sellers having reasonable prices.",5,2025-04-22,DASHEN,Google Play,positive,POSITIVE
The app has great user interface with comprehensive payments and E-commerce platforms. And also it includes unique features such as chat Banking and budget.,5,2025-04-22,DASHEN,Google Play,positive,POSITIVE
betam mirt Ena betam le atikakem kelel Yale Ena michu application nw,5,2025-04-22,DASHEN,Google Play,neutral,NEGATIVE
Convenient!,5,2025-04-22,DASHEN,Google Play,neutral,POSITIVE
It is an amazing application that meets the needs of customers.,5,2025-04-22,DASHEN,Google Play,positive,POSITIVE
Effecting payment via the app has created convenience to the recipients in easily confirming the payments received!,5,2025-04-22,DASHEN,Google Play,positive,POSITIVE
the best Supper App ever,5,2025-04-22,DASHEN,Google Play,positive,POSITIVE
"This is the best app ever, when is it planned to include digital lending and gasification?",5,2025-04-22,DASHEN,Google Play,positive,POSITIVE
"A powerful, local solution that rivals any global app. I love how easy it is to explore services and products.",5,2025-04-22,DASHEN,Google Play,positive,POSITIVE
Dashen bank is my number one choice,5,2025-04-22,DASHEN,Google Play,positive,POSITIVE
Assefa Genetu = Dashen superup is the latest and inclussive .I am happy with this super up.,5,2025-04-22,DASHEN,Google Play,positive,POSITIVE
"The App is incredibly user-friendly and brings multiple services into one place. It's fast, intuitive, and makes daily tasks super convenient. A true all-in-one solution!",5,2025-04-21,DASHEN,Google Play,positive,POSITIVE
"Proudly made in Ethiopia, this innovation delivers more than promised. The marketplace is a major boost for local commerce",5,2025-04-21,DASHEN,Google Play,positive,POSITIVE
it so fanrastic and user friendly app. Bravo Dashen bank thanks.,5,2025-04-21,DASHEN,Google Play,positive,POSITIVE
"one of the best digital platforms I've used! from smooth transactions to a seamless shopping experience, highly recommended.",5,2025-04-21,DASHEN,Google Play,positive,POSITIVE
A proudly Ethiopia innovation that delivers beyond expectations. The marketplace feature is a big win for local shoppers bnd sellers,5,2025-04-21,DASHEN,Google Play,positive,POSITIVE
"Dashen Super App is a game-changer! It‚Äôs fast, user-friendly, and packed with features that make everyday banking and transactions super convenient. I love how everything I need from mobile banking to utility payments is all in one place. The interface is clean, and everything works smoothly. Definitely one of the best apps out there. Highly recommended!",5,2025-04-21,DASHEN,Google Play,positive,POSITIVE
Easy to use and has many options. It is the best financial app I have ever used.,5,2025-04-21,DASHEN,Google Play,positive,POSITIVE
"Highly impressed! Dash Bank really nailed it with this app. Secure, reliable, and packed with features I use daily",5,2025-04-21,DASHEN,Google Play,positive,POSITIVE
"One of the best digital platforms I‚Äôve used! From smooth transactions to a seamless shopping experience, Highly recommended",5,2025-04-21,DASHEN,Google Play,positive,POSITIVE
"This app has everything I was looking for, dashen is becoming a grandmaster.",5,2025-04-21,DASHEN,Google Play,neutral,POSITIVE
Very convenient,5,2025-04-21,DASHEN,Google Play,neutral,POSITIVE
"The user experience is seamless, and everything just works perfectly right out of the box. I can‚Äôt believe how much time and effort it saves me every day.",5,2025-04-21,DASHEN,Google Play,positive,POSITIVE
wawwwww what nice super app !!keep it up dashen bank !!,5,2025-04-21,DASHEN,Google Play,positive,POSITIVE
"Dashen SuperApp the ultimate all-in-one solution! From banking and shopping to bill payments, everything you need is right at your fingertips. Life just got a whole lot easier!",5,2025-04-21,DASHEN,Google Play,positive,POSITIVE
"It is,really super because of its unique offerings to individuals and businesses.It is a secure UX first app intended to cater comprehensive digital meeds.I am also happy to know that Dashen is considering to make the app more inclusive by lowering the mobile version requirements .",5,2025-04-21,DASHEN,Google Play,positive,POSITIVE
"the very easy, secured, fast and multifunctional dashen supper application I ever seen. dashen really one steps ahead!!!",5,2025-04-21,DASHEN,Google Play,positive,POSITIVE
"One app for everything! I can shop, manage my bank account , and do so much more . Truly a super app",5,2025-04-21,DASHEN,Google Play,positive,POSITIVE
one of the best digital platforms I‚Äôve used! From smooth transactions to a seamless shopping experie,5,2025-04-21,DASHEN,Google Play,positive,POSITIVE
"Dashen Bank super App is the most suitable, reliable, and fast digital banking system.",5,2025-04-21,DASHEN,Google Play,positive,POSITIVE
Excellent app.,5,2025-04-21,DASHEN,Google Play,positive,POSITIVE
This is what we call banking app. As professional I want banking app as simple as this and an app rich of features that align with my lifestyle.,5,2025-04-21,DASHEN,Google Play,positive,POSITIVE
thanks again,5,2025-04-21,DASHEN,Google Play,positive,POSITIVE
Super Easy To Use and Fast Transaction.,5,2025-04-21,DASHEN,Google Play,positive,POSITIVE
"I have an incredible experience with Dashen super app, what an amazing platform is it?. keep pioneering in technological advancement üëèüëèüëè",5,2025-04-21,DASHEN,Google Play,positive,POSITIVE
"i can't recommend the Dashen Super App enough! This app is truly a game changer for anyone looking for a seamless and efficient way to manage their daily life. It combines multiple essential services into one easy-to-use platform, saving time and simplifying tasks The user interface is modern, intuitive, and super responsive, making navigation a breeze. Whether it's banking, payment services, or accessing lifestyle features, everything is just a few clicks away!!",5,2025-04-21,DASHEN,Google Play,positive,POSITIVE
"The app is incredibly handy for managing multiple financial tasks, from bill payments to managing budgets. It‚Äôs saved me a lot of time and made banking way more convenient. Definitely worth checking out!",5,2025-04-21,DASHEN,Google Play,positive,POSITIVE
what an App,5,2025-04-21,DASHEN,Google Play,neutral,POSITIVE
The new e-commerce feature is incredibly amazing and user friendly.,5,2025-04-21,DASHEN,Google Play,positive,POSITIVE
"dashen bank supper app is the most easy to use and have high speed,quality and I like features like chat,budget,fuel payment, and security for my opinion this product is techonolgy edge,this international standard thanks for product oweners (dashen bank)",3,2025-04-21,DASHEN,Google Play,positive,POSITIVE
"The Dashen supperapp is a revolutionary advancement in digital banking, combining exceptional usability, an intuitive interface and a seamless user experience. among its standout features are the integration of QR codes, account statement, transaction advise, chat, transaction authentication for limit thresholds, budgeting and different app in a single dashboard. Truly ahead of the curve ..... keep up the excellent work ü§ùüëè",5,2025-04-21,DASHEN,Google Play,positive,POSITIVE
"A proudly Ethiopian innovation that delivers beyond expectations. The marketplace feature is a big win for local shoppers and sellers. Very impressed with the new updates, The e-commerce section is smooth and supports Ethiopian merchants!",5,2025-04-21,DASHEN,Google Play,positive,POSITIVE
"Very impressed with the new updates, The e-commerce section is smooth and supports Ethiopian merchants.",5,2025-04-21,DASHEN,Google Play,positive,POSITIVE
"Dashen Bank Super App is fast, reliable, and super easy to use. All my banking needs are handled smoothly in one place. Clean design and seamless experience ‚Äì highly recommended!",5,2025-04-21,DASHEN,Google Play,positive,POSITIVE
"Db sup app is A platform or an application that can grasp more satisfactions through fastest mode of operation which means for budget planning, to use QR code(scan, pay, go) chat with staff, acc to acc other bank ft, merchant payment, and easly. I addition to i satisfied and i invite everyone to use those platform!!.",5,2025-04-21,DASHEN,Google Play,positive,POSITIVE
the chat banking and unique and only app that alow money request!!,5,2025-04-21,DASHEN,Google Play,neutral,NEGATIVE
Better and inclusive app!,5,2025-04-21,DASHEN,Google Play,positive,POSITIVE
Amazing Application,5,2025-04-21,DASHEN,Google Play,positive,POSITIVE
It keep my time to pay my bills and I generate my satment easily,5,2025-04-21,DASHEN,Google Play,positive,POSITIVE
"It's an amazing app that is up-to-date with the times, wow wow",5,2025-04-21,DASHEN,Google Play,positive,POSITIVE
A game-changing Ethiopian innovation‚Äîwhere shopping meets opportunity. The marketplace feature connects buyers and sellers like never before.,5,2025-04-21,DASHEN,Google Play,positive,POSITIVE
"Dashen Super App isn‚Äôt just an app ‚Äî it‚Äôs an experience. Effortless, powerful, and built for the future",5,2025-04-21,DASHEN,Google Play,positive,POSITIVE
"This Is An Amazing App with Uniqe Quality,Easy And Fast Mobile Banking App.",5,2025-04-21,DASHEN,Google Play,positive,POSITIVE
"Dashen SuperApp is a lifesaver! Banking, shopping, and bills in one super easy app. The new e-commerce feature is awesome and supports local merchants. Fast, secure, and proudly Ethiopian.Download it now‚Äîyou won‚Äôt regret it!",5,2025-04-21,DASHEN,Google Play,positive,POSITIVE
"Dashen SuperApp blends finance, shopping, and daily services effortlessly. The new e-commerce feature is smooth and supports local merchants‚Äîproud to back an Ethiopian-made solution!",5,2025-04-21,DASHEN,Google Play,positive,POSITIVE
"A solid step forward by Dashen Bank. The SuperApp combines essential banking features with lifestyle services, making everything accessible in one place. The interface is smooth, and transactions are quick and reliable. It‚Äôs clear a lot of thought went into the design and functionality. Great job!",5,2025-04-21,DASHEN,Google Play,positive,POSITIVE
Dashen bank super app is the crucial and convenient app in Ethiopia. there is no other app to compare with Dashen bank super app,5,2025-04-21,DASHEN,Google Play,positive,POSITIVE
"All-in-one finance & e-commerce super app! Pay, save, shop seamlessly. Fast, secure. #BankAndShop",5,2025-04-21,DASHEN,Google Play,positive,POSITIVE
it's a hestorical app. in the bank industry.,5,2025-04-21,DASHEN,Google Play,neutral,NEGATIVE
"A game changer in Ethiopian digital banking fast, secure, and packed with services. Everything you need, all in one powerful app. A true leap toward financial convenience and innovation!",4,2025-04-21,DASHEN,Google Play,positive,POSITIVE
"easy &,simple to use",5,2025-04-21,DASHEN,Google Play,positive,POSITIVE
"Banking, but make it smart. Local solutions, all in one place. Smooth, fast, and actually saving time. Feels like the future. Love it!",5,2025-04-21,DASHEN,Google Play,positive,POSITIVE
"All in one, that is it üëå",5,2025-04-21,DASHEN,Google Play,positive,POSITIVE
", Dashen Bank Supper App is multipurpose, convenient, very attractive and Make life easier",5,2025-04-21,DASHEN,Google Play,positive,POSITIVE
very easy and flexible app.,5,2025-04-21,DASHEN,Google Play,positive,POSITIVE
"I choose Dashen Bank Super Up since, it is easy to use & it has attractive features !",5,2025-04-21,DASHEN,Google Play,positive,POSITIVE
dashen super app is simple faster and reliable.,5,2025-04-21,DASHEN,Google Play,positive,POSITIVE
"Dashen Bank Super App is a game-changer! The user-friendly design, wide range of services, and smooth performance make it incredibly convenient for everyday banking. It‚Äôs fast, secure, and truly reflects the bank‚Äôs commitment to digital excellence. Highly recommended!",5,2025-04-21,DASHEN,Google Play,positive,POSITIVE
"The app keeps getting better with every update! Smooth performance, great UI, and top-notch security. Thank you for making banking so convenient!""",5,2025-04-21,DASHEN,Google Play,positive,POSITIVE
this app is the most simply to use and secure safe i love it to use for any bank transaction,5,2025-04-21,DASHEN,Google Play,positive,POSITIVE
"After i download the app recently had a smooth expriance, its user friendly, fast, and everything works as expected. keep up the good work.",5,2025-04-21,DASHEN,Google Play,positive,POSITIVE
An app with High performance and advanced features!,5,2025-04-21,DASHEN,Google Play,positive,POSITIVE
"It is a very user friendly, attractive user interface, full of useful features. I really encourage everyone to give it a try.",5,2025-04-21,DASHEN,Google Play,positive,POSITIVE
"Good actually , but it have to WORK when developer option is on üôè",5,2025-04-21,DASHEN,Google Play,positive,NEGATIVE
"All-in-one convenience, From managing accounts to paying bills and shopping online and the chat banking is game changer, this app does it all seamlessly.",5,2025-04-21,DASHEN,Google Play,neutral,POSITIVE
I appreciate that Dashen Bank takes lifestyle services into account.,5,2025-04-21,DASHEN,Google Play,positive,POSITIVE
keep it up!,5,2025-04-21,DASHEN,Google Play,neutral,POSITIVE
amazing app really i loved it .that's why we say dashen bank is one stap ahead. It's the best mobile application that should be on every phone.,5,2025-04-21,DASHEN,Google Play,positive,POSITIVE
very comfortable app keep it,5,2025-04-21,DASHEN,Google Play,positive,POSITIVE
it has clear detail information about the application so it helps customer how to use the app. and it is very easy to use and also app is secure.,5,2025-04-21,DASHEN,Google Play,positive,POSITIVE
"I have been using the Dashen Supper app mobile banking app , and overall, I appreciate its features.However,I‚Äôve noticed that when I turn on the developer options on my device, the app stops functioning properly. It would be great if you could look into this issue, as I often need to access developer settings for other applications . Thank you for your attention to this matter!",5,2025-04-21,DASHEN,Google Play,positive,NEGATIVE
easiness to use with fast response time,5,2025-04-21,DASHEN,Google Play,positive,NEGATIVE
"The new mobile banking application is a major upgrade! It‚Äôs incredibly user-friendly, with a clean and modern design that makes navigation simple and intuitive. I really appreciate how fast it loads and how smooth the overall experience is. All essential services like balance checks, transfers, and bill payments are eas y to find and use. The added security features give me peace of mind, and the app runs reliably without crashes or glitches. It‚Äôs clear a lot of thought went into the user experi",5,2025-04-21,DASHEN,Google Play,positive,POSITIVE
"As an Internal Customer, Dashen Bank SuperApp has greatly simplified my online banking experience. It's easy to use, allowing me to quickly check balances, transfer money and pay Bills. The app's advanced security features are highly secure, ensuring my data is well protected. The Three click, Chat Banking and IPS features have also given me a smarter experience. In deed Dashen Bank is always steping ahead!",5,2025-04-21,DASHEN,Google Play,positive,POSITIVE
"A truly impressive app ‚Äî user-friendly and a game-changer in Ethiopian banking. The Dashen Super App stands out as one of the most innovative and convenient digital banking solutions in Ethiopia‚Äôs financial history. Smooth navigation, seamless features, and a wide range of services all in one place. Well done!",5,2025-04-21,DASHEN,Google Play,positive,POSITIVE
dashen bank super up has very fast and convenience and also it has contain more things on one app .I am very interesting to use dashen bank super up,5,2025-04-21,DASHEN,Google Play,positive,POSITIVE
"The Dashen Bank Super App has truly elevated my mobile banking experience. It's fast, user-friendly, and packed with all the essential features. The interface is clean and intuitive, making navigation easy even for first-time users. I also appreciate the added security features that give me peace of mind while banking on the go. Dashen Bank has done an amazing job with this app‚Äîit‚Äôs reliable, efficient, and always improving. Highly recommended for anyone looking for seamless digital banking!",5,2025-04-21,DASHEN,Google Play,positive,POSITIVE
A fantastic product!! keep the good work.,5,2025-04-21,DASHEN,Google Play,positive,POSITIVE
"I am very impressed with the Dashen super app. It is user-friendly and operates efficiently. The budget and chatbot features are impressive, and all items can be purchased with just three clicks.",5,2025-04-21,DASHEN,Google Play,positive,POSITIVE
"The Dashen Super App offers a quick and user-friendly experience, bringing together a variety of services, like budgeting, payments, airtime recharges, and more, all in one convenient platform. Its sleek design and intuitive navigation ensure effortless transactions. It's evident that Dashen Bank has carefully crafted the app to make everyday financial activities easier. A great choice for anyone aiming to streamline their digital routines!",5,2025-04-21,DASHEN,Google Play,positive,POSITIVE
Dashen supper App is the most useful app for our customers,5,2025-04-21,DASHEN,Google Play,positive,POSITIVE
it is the most amazing mobile app,5,2025-04-21,DASHEN,Google Play,positive,POSITIVE
A Good and fast supper app thanks for dashen bank,5,2025-04-21,DASHEN,Google Play,positive,POSITIVE
"Dear Users of the Dashen Bank Super App,I have been using the Dashen Bank Super App for a while now, and I must say‚Äîit‚Äôs truly a game-changer! The app is incredibly fast and reliable; I‚Äôve never encountered any delays with my transactions. One feature I absolutely love is Chat Banking. It makes everyday tasks like checking my balance or transferring money as simple as sending a quick message. Also, the budgeting tool has been a huge help in tracking my spending and giving me a clearer",5,2025-04-21,DASHEN,Google Play,positive,POSITIVE
Too best,1,2025-04-21,DASHEN,Google Play,positive,POSITIVE
"Dashen Bank Super Up,use the app and makes your easy,fast,convinent.",5,2025-04-21,DASHEN,Google Play,positive,POSITIVE
To join digital world use supper app and make your life easy,5,2025-04-21,DASHEN,Google Play,positive,POSITIVE
best mobile banking application,5,2025-04-21,DASHEN,Google Play,positive,POSITIVE
"This banking superapp is incredibly well designed. The design and appearance of the app and the overall experience I have when using the app is fantastic. The app is packed with features from banking to e-commerce all in one place.It even has a budget setting option which is super useful for managing my money. Everything runs smoothly and I love how convenient it has made my daily life. Huge Kudos to Dashen Bank. You are truly living up to the motto ''Always one step ahead."" Keep it up!",5,2025-04-21,DASHEN,Google Play,positive,POSITIVE
I was really amazed by the idea of an e-commerce service on a banking app. This is what it means to be one step ahead. Please include all kinds of products in there as soon as possible.,5,2025-04-21,DASHEN,Google Play,positive,POSITIVE
this is what we expect to get service Dashen Bank always like his slogan,5,2025-04-21,DASHEN,Google Play,positive,NEGATIVE
"Dashen SupApp is the most contemporary application, offering a great experience by enabling users to perform multiple tasks through a single platform‚Äîsuch as chatting with friends, transferring money, paying bills, and more. It is the first app of its kind in the Ethiopian banking industry, making it a remarkable opportunity for entrepreneurs working in app-based sales and software marketing. Good job, Dashen Bank!",5,2025-04-21,DASHEN,Google Play,positive,POSITIVE
Dashen Super App gives me an amazing convenience and makes life easy.,5,2025-04-21,DASHEN,Google Play,positive,POSITIVE
excellent mobile banking app,5,2025-04-21,DASHEN,Google Play,positive,POSITIVE
Wow! like his name Super App...,5,2025-04-21,DASHEN,Google Play,positive,POSITIVE
Dashen supper app is the most special. ·ã≠·àù·âæ·â± ·ã≠·àà·ã´·ã´·àç!!!!,5,2025-04-21,DASHEN,Google Play,positive,POSITIVE
convenient and fast,5,2025-04-21,DASHEN,Google Play,neutral,POSITIVE
Best- in-class app.,5,2025-04-21,DASHEN,Google Play,positive,POSITIVE
I really like this amazing application and Dashen Supper app that has made my life easier.,5,2025-04-21,DASHEN,Google Play,positive,POSITIVE
Superb,5,2025-04-21,DASHEN,Google Play,positive,POSITIVE
"amazing features, faster and easy to use",5,2025-04-21,DASHEN,Google Play,positive,POSITIVE
"The Dashen Super App offers a modern, user-friendly experience that leverages the latest technological advancements to deliver a seamless e-commerce platform",5,2025-04-21,DASHEN,Google Play,positive,POSITIVE
Best App!,5,2025-04-21,DASHEN,Google Play,positive,POSITIVE
I love it. one of the best mobile banking app in the banking industry,5,2025-04-21,DASHEN,Google Play,positive,POSITIVE
I love this app,5,2025-04-21,DASHEN,Google Play,positive,POSITIVE
no working for me hulum information asgebiche continue or accept yemilew button ayeseram my phone is Samsung A51,1,2025-04-21,DASHEN,Google Play,positive,NEGATIVE
waw no idea the best app.,5,2025-04-19,DASHEN,Google Play,positive,NEGATIVE
fast best app,5,2025-04-19,DASHEN,Google Play,positive,POSITIVE
Nice App,5,2025-04-18,DASHEN,Google Play,positive,POSITIVE
nice app ever,5,2025-04-17,DASHEN,Google Play,positive,POSITIVE
very disappointing app. Closes frequently and unstable in function,2,2025-04-17,DASHEN,Google Play,negative,NEGATIVE
"Feature-rich? Absolutely. But the speed? Painfully slow. Seriously, is it communicating with a server on Mars or something?",5,2025-04-16,DASHEN,Google Play,negative,NEGATIVE
nic app,5,2025-04-16,DASHEN,Google Play,neutral,POSITIVE
Nice,5,2025-04-16,DASHEN,Google Play,positive,POSITIVE
"The Dashen Super App delivers a remarkably fast, highly secure, and exceptionally user-friendly experience, establishing it as a leading application in its category.keep it up and stay ahead Dashen Bank.",5,2025-04-14,DASHEN,Google Play,positive,POSITIVE
So far so good! their in person customer service is amazing üëè,5,2025-04-14,DASHEN,Google Play,positive,POSITIVE
The app is very backward and doesn't always work. If it works three hours out of 24 hours it's great!üò•,1,2025-04-14,DASHEN,Google Play,positive,NEGATIVE
·àù·à≠·å´·ã¨ ·äê·ãç,5,2025-04-13,DASHEN,Google Play,neutral,NEGATIVE
It's bad for the connection and too many days are it that not working,1,2025-04-12,DASHEN,Google Play,negative,NEGATIVE
it's samart,5,2025-04-10,DASHEN,Google Play,neutral,POSITIVE
"The app is not working properly, I have been using it.",1,2025-04-10,DASHEN,Google Play,neutral,NEGATIVE
it is very good app,5,2025-04-10,DASHEN,Google Play,positive,POSITIVE
"I had a disappointing experience with Dashen Bank's Super Up service. The app is very slow and takes forever to load during transactions, which is incredibly frustrating. Additionally, it doesn't generate receipts for any transactions, making it difficult to keep track of my expenses. I also reached out to customer support, but the response time was longer than expected. Overall, I was hoping for a better experience, but I find the service lacking and in need of improvement.",2,2025-04-09,DASHEN,Google Play,positive,NEGATIVE
slow cumbersome,3,2025-04-08,DASHEN,Google Play,neutral,NEGATIVE
Is really üíÄ,2,2025-04-08,DASHEN,Google Play,neutral,POSITIVE
It's slow to send OTP. it's not reliable. It crushed many times. It needs improvement in many ways,1,2025-04-07,DASHEN,Google Play,positive,NEGATIVE
"This is the worst mobile banking experience I‚Äôve ever had. It doesn‚Äôt work when you need it, and it randomly updates itself without warning. You can‚Äôt make transactions whenever you want. It‚Äôs a nightmare for anyone who relies on this as their main banking option, especially those with a lot of money in their account. I‚Äôm lucky I‚Äôm not one of them, but still, it‚Äôs infuriating not being able to access your money when you need it.""l",1,2025-04-07,DASHEN,Google Play,negative,NEGATIVE
"I have experienced on using the app of Banks in Ethiopia, this Dashen sup is like old version of the applications for using. I gave 3 star for it's very low speed while login and processing",3,2025-04-07,DASHEN,Google Play,neutral,NEGATIVE
proud by dashen bank,5,2025-04-06,DASHEN,Google Play,positive,POSITIVE
best,5,2025-04-06,DASHEN,Google Play,positive,POSITIVE
This app is not working unless you turn off developer mode on your phone. So it takes your rights to just use it.,2,2025-04-04,DASHEN,Google Play,neutral,NEGATIVE
real super up,5,2025-04-04,DASHEN,Google Play,positive,POSITIVE
it's very disappointing fix it as soon as possible not expected from dashin bank fix it,1,2025-04-04,DASHEN,Google Play,negative,NEGATIVE
why dashen bank workers hidden my ATM Card üèß?it's a big problem to me,5,2025-04-04,DASHEN,Google Play,negative,NEGATIVE
tanku,5,2025-04-04,DASHEN,Google Play,neutral,NEGATIVE
perfect,5,2025-04-03,DASHEN,Google Play,positive,POSITIVE
goood,5,2025-04-02,DASHEN,Google Play,neutral,NEGATIVE
why does it ask me for both pin and opt even the opt is touch let alone both,2,2025-04-02,DASHEN,Google Play,negative,NEGATIVE
it is best app easy to use,5,2025-04-01,DASHEN,Google Play,positive,POSITIVE
It is very easy to use and powerful application.,3,2025-04-01,DASHEN,Google Play,positive,POSITIVE
this apps have a good feature but but some features like developer mode turn off irritate user,3,2025-04-01,DASHEN,Google Play,positive,NEGATIVE
"This is not only a mobile banking app, it is beyond that. We will access our account easily, we are able to get many information easily here. i.e. exchage rate. We are able to chat with others, we are able to budget, we are able to transfer to other bank and within Dashen. we are able to access many accounts in a single app, we are able to pay bills in QR scan, we are able to make payments and order delivery items here in a single app. #Always one step ahead.",5,2025-03-31,DASHEN,Google Play,positive,POSITIVE
wallahi very fantastic Bank,5,2025-03-31,DASHEN,Google Play,positive,POSITIVE
"Waw, It's amazing app. thank you Dashen Bank.",5,2025-03-31,DASHEN,Google Play,positive,POSITIVE
nice app,5,2025-03-29,DASHEN,Google Play,positive,POSITIVE
"I‚Äôve been using the Dashen Bank Super App for a while now, and it‚Äôs been a game-changer. The app is super fast and reliable‚ÄîI‚Äôve never had an issue with transactions being delayed. One of my favorite features is the chat banking, which makes it so easy to do things like check my balance or transfer money just by typing a quick message. The budgeting tool is also really useful. It helps me keep track of my spending and gives me a clear picture of where",5,2025-03-28,DASHEN,Google Play,positive,POSITIVE
Very good app that like it too. B/c it is very fast and easy to use.,5,2025-03-26,DASHEN,Google Play,positive,POSITIVE
best experiences,5,2025-03-26,DASHEN,Google Play,positive,POSITIVE
too slow to use.,1,2025-03-26,DASHEN,Google Play,neutral,NEGATIVE
·å•·à© ·äê·ãç,5,2025-03-25,DASHEN,Google Play,neutral,NEGATIVE
the worst app in the market only good ui,1,2025-03-22,DASHEN,Google Play,negative,NEGATIVE
nic,5,2025-03-22,DASHEN,Google Play,neutral,POSITIVE
·â†·å£·àù ·âÖ·àç·àç ·ã´·àà ·ä†·çï ·â†·à≠·â±·àç·äï ·àà·ä†·å†·âÉ·âÄ·àù ·àù·âπ,5,2025-03-22,DASHEN,Google Play,neutral,NEGATIVE
thanks for all digital transaction,5,2025-03-21,DASHEN,Google Play,positive,POSITIVE
Best,5,2025-03-20,DASHEN,Google Play,positive,POSITIVE
"This app is not supporting smart phones that have old android version and so it is none inclusive. At the same time the amole lite is not working properly and once you reached to maximum otp trail mistakes due to network or other errors like stacks , you will be tied up to make Transactions. Ohh... tired!!!!!",1,2025-03-20,DASHEN,Google Play,negative,NEGATIVE
it's Be Come Busy &not working good,1,2025-03-20,DASHEN,Google Play,negative,NEGATIVE
I wanted to share some concerns about your Supper App. It appears to be experiencing reliability issues and isn‚Äôt performing as expected. I hope this can be addressed soon to improve the user experience. One star üåü for now.,1,2025-03-19,DASHEN,Google Play,positive,NEGATIVE
"best ever digital banking sector essay for understanding ,smart and convince for using",5,2025-03-19,DASHEN,Google Play,positive,POSITIVE
good and latest,5,2025-03-18,DASHEN,Google Play,positive,POSITIVE
The best App of all,5,2025-03-17,DASHEN,Google Play,positive,POSITIVE
Worst app ever,1,2025-03-15,DASHEN,Google Play,negative,NEGATIVE
"This app is the most unreliable mobile banking application I have ever used for transaction, it is very late, non-responsive and full of bugs. Its is very disappointing. It is just inconvinient, and not user friendly and compatabke at all !!!!!!",1,2025-03-14,DASHEN,Google Play,negative,NEGATIVE
Naiycapp,5,2025-03-14,DASHEN,Google Play,neutral,POSITIVE
The app is good but it has no USSD option,4,2025-03-13,DASHEN,Google Play,negative,NEGATIVE
Hey great,5,2025-03-12,DASHEN,Google Play,positive,POSITIVE
I have used many mobile banking and also tellebir and mpesa nothing come close to this app. Well done Dashen indeed one step a head. A lot of cool features that amole hasn't the receipt and the account statement is superb for me. I hope you add more integrated small apps to.,5,2025-03-12,DASHEN,Google Play,positive,POSITIVE
The app is good but it ask update every week so tiring,2,2025-03-11,DASHEN,Google Play,positive,NEGATIVE
It good and easy to use,5,2025-03-11,DASHEN,Google Play,positive,POSITIVE
·â†·å£·àù ·ä†·à™·çç ·àò·â∞·åç·â†·à™·ã´ ·äê·ãç ·ç¢ ·ä†·àò·à†·åç·äì·àà·àÅ ·ç¢,5,2025-03-10,DASHEN,Google Play,neutral,NEGATIVE
"Greately improved since it was released! I really like the budget and expense tegistration feature. For ATM or POS withdrawals, it is not possible to account these expenses, even if it is visible on the transactions window. If that can be worked on, it will be improve so much!!",5,2025-03-10,DASHEN,Google Play,positive,POSITIVE
Excellent,5,2025-03-10,DASHEN,Google Play,positive,POSITIVE
Wow Excellent app,5,2025-03-08,DASHEN,Google Play,positive,POSITIVE
Nice app but i experience some issues with others banks transfer it keeps saying account is not exist most of the time.,4,2025-03-08,DASHEN,Google Play,positive,NEGATIVE
Add the option to send money to any telebirr account like amole does.,3,2025-03-08,DASHEN,Google Play,positive,NEGATIVE
It's best,5,2025-03-08,DASHEN,Google Play,positive,POSITIVE
no one dashen yichlal,5,2025-03-07,DASHEN,Google Play,negative,NEGATIVE
In short ! I'm so proud of this app developers for their highest professional of developing. Thanks,5,2025-03-06,DASHEN,Google Play,positive,POSITIVE
The speed is too slow. Need some improvements.,2,2025-03-06,DASHEN,Google Play,positive,NEGATIVE
good app,5,2025-03-04,DASHEN,Google Play,positive,POSITIVE
Fantastic app,5,2025-03-01,DASHEN,Google Play,positive,POSITIVE
I wish dark mode feature is add as an option but it's good app,5,2025-02-27,DASHEN,Google Play,positive,POSITIVE
"Super Up is the ultimate digital banking app, living up to its name with speed, efficiency, and innovation. Designed for a seamless experience, it offers lightning-fast transactions, top-tier security, and effortless financial management. With Super Up, banking has never been this smooth, smart, and super!",5,2025-02-26,DASHEN,Google Play,positive,POSITIVE
"The Dashen Super App is a game-changer in digital banking, offering a seamless and convenient experience. With its user-friendly interface, fast transactions, and a wide range of financial services, it simplifies banking for customers. Features like bill payments, fund transfers, mobile top-ups, and loan applications make it an all-in-one solution. Plus, its security measures ensure safe and reliable Experiance effortless banking",5,2025-02-26,DASHEN,Google Play,positive,POSITIVE
·ä®·å∞·äê·å®·ã®·å†,2,2025-02-26,DASHEN,Google Play,neutral,NEGATIVE
"It has good feature. But, it is Very Slow! difficult to pay or receive. The Speed should be improved, else I didn't recommend.",2,2025-02-24,DASHEN,Google Play,negative,NEGATIVE
Excellent app,5,2025-02-24,DASHEN,Google Play,positive,POSITIVE
·ä†·çï·àç·ä¨·àΩ·äë ·ä†·à™·çç ·àÜ·äñ ·à≥·àà ·â¥·àå·â•·à≠ ·ãà·ã∞·à´·àµ ·â•·âª ·àà·àù·äï ·àÜ·äê ·ä•·äï·ã∞ ·ãµ·àÆ·ãç ·àà·à∞·ãç·àù ·àò·àã·ä≠ ·â¢·âª·àç,4,2025-02-22,DASHEN,Google Play,neutral,NEGATIVE
No good,1,2025-02-22,DASHEN,Google Play,negative,NEGATIVE
Wow amazing app,5,2025-02-21,DASHEN,Google Play,positive,POSITIVE
best platform... Please avoid otp,5,2025-02-21,DASHEN,Google Play,positive,POSITIVE
Super smart app.,5,2025-02-18,DASHEN,Google Play,positive,POSITIVE
best üëçüëç,5,2025-02-16,DASHEN,Google Play,positive,POSITIVE
I don't know what happens but the application is not send verification pass code you should fix that,1,2025-02-16,DASHEN,Google Play,neutral,NEGATIVE
This app doesn't work on my phone my phone is Samsung Galaxy s7 android version 9 All other financial apps work like telebirr CBE M_pesa...,1,2025-02-14,DASHEN,Google Play,positive,NEGATIVE
"Dashen Super app is secure, very easy to use and has more services uniquely like budgeting, chat, IPS...",5,2025-02-14,DASHEN,Google Play,positive,POSITIVE
Amazing and user friendly supper app and looking forward the additional features,5,2025-02-14,DASHEN,Google Play,positive,POSITIVE
it's amazing app i have seen ever,5,2025-02-13,DASHEN,Google Play,positive,POSITIVE
One star deducted for not to able to transfer to telebirr.,4,2025-02-13,DASHEN,Google Play,neutral,NEGATIVE
·å•·à© ·äê·ãç ·åç·äï ·â†·ã∞·äï·â• ·àä·à∏·àª·àç ·ã≠·åà·â£·àç,4,2025-02-13,DASHEN,Google Play,neutral,NEGATIVE
·çç·å•·äê·â± ·â†·å£·àù ·ä†·à™·çç ·äê·ãç! ·ä•·äì ·âÄ·àà·àç ·ã´·àà ·äê·ãç ! ·äê·åà·à≠ ·åç·äï ·â∞·å®·àõ·à™ ·ãà·ã∞ ·â¥·àå·â•·à≠ ·ä§·åÄ·äï·âµ ·àò·àã·ä™·ã´ ·ä†·çï ·â¢·ä´·â∞·âµ·â†·âµ ·å•·à© ·äê·ãç::,4,2025-02-12,DASHEN,Google Play,neutral,NEGATIVE
Keep up the good work and pleas add water and electric utility payment,5,2025-02-12,DASHEN,Google Play,positive,POSITIVE
The app missed some important features 1. It does't show recent transactions 2. Transfer to Telebirr limited to own telebirr 3. The statement does't show running balance,2,2025-02-11,DASHEN,Google Play,negative,NEGATIVE
"Simple, Fast and Easy ‚≠ê‚≠ê‚≠êüéâ",4,2025-02-10,DASHEN,Google Play,positive,POSITIVE
"·ã®·àö·åà·à≠·àù aplication ·äê·ãç, ·äê·åà·à≠ ·åç·äï ·â•·à≠ ·âµ·à´·äï·àµ·çà·à≠ ·à≤·ã∞·à®·åç ·ã´·àà ·çí·äï ·àò·àÜ·äë risk ·ä†·àà·ãç ·àÅ·àâ ·åä·ãú ·ã® ·âµ·à´·äï·àµ·çà·à≠ ·àò·ã∞·àù·ã∞·àö·ã´ ·çí·äï ·àò·àÜ·äï ·ä†·àà·â†·âµ!!!!!!!!!!!!:: ·ä†·à± ·â¢·àµ·â∞·ä´·ä®·àç 5 star ·ä†·àµ·ä®·ãõ·ãç ·åç·äï 4 ·à∞·å•·âª·àà·ãç::",4,2025-02-09,DASHEN,Google Play,negative,NEGATIVE
Baankii daashin baankii hudna galeessa galatoomaa isinii woliin jirra Godina jimmaa magaalaa Aggaaroo irraa Muaz Abamecha Abamilki,5,2025-02-07,DASHEN,Google Play,neutral,NEGATIVE
It doesn't work,1,2025-02-07,DASHEN,Google Play,neutral,NEGATIVE
"#Dashen Super App; Super easy to use, secure, and fast transaction. Love it!",5,2025-02-07,DASHEN,Google Play,positive,POSITIVE
"I tried the new Dash Bank Super App today, and it's amazingly easy and fun.I recommend you download and use it. You really like it",5,2025-02-06,DASHEN,Google Play,positive,POSITIVE
Gud app kegza ga mezmn endze new aind ermjh kedme nachu hlam,5,2025-02-06,DASHEN,Google Play,neutral,NEGATIVE
"Good app, bad security",3,2025-02-06,DASHEN,Google Play,positive,POSITIVE
On Transaction page only show sent Transaction. Try to include received transaction.,4,2025-02-06,DASHEN,Google Play,neutral,NEGATIVE
Wonderful Application üòç,5,2025-02-05,DASHEN,Google Play,positive,POSITIVE
I loved it,5,2025-02-05,DASHEN,Google Play,positive,POSITIVE
·ä†·àÅ·äï ·åà·äì ·ä†·äï·ãµ ·ä•·à≠·àù·åÉ ·âÄ·ã∞·àõ·âΩ·ãç,5,2025-02-04,DASHEN,Google Play,neutral,NEGATIVE
I am so thankful for having this best app Dashen one step ahead,5,2025-02-04,DASHEN,Google Play,positive,POSITIVE
Not good this app,1,2025-02-04,DASHEN,Google Play,negative,NEGATIVE
Best app,5,2025-02-04,DASHEN,Google Play,positive,POSITIVE
Excellent app ever but it needs improvement on speed and transaction lists,1,2025-02-03,DASHEN,Google Play,positive,NEGATIVE
Perfect,5,2025-02-02,DASHEN,Google Play,positive,POSITIVE
"It does not work functional ,",1,2025-02-02,DASHEN,Google Play,neutral,NEGATIVE
Ok,5,2025-02-02,DASHEN,Google Play,positive,POSITIVE
all of dashen bank customers use the application it is good to use,5,2025-02-01,DASHEN,Google Play,positive,POSITIVE
Gret experience,5,2025-02-01,DASHEN,Google Play,neutral,NEGATIVE
All good we need more,3,2025-01-31,DASHEN,Google Play,positive,POSITIVE
"Dashen super app is easy to use, fast and robust",5,2025-01-31,DASHEN,Google Play,positive,POSITIVE
it was amazing app.....thank you dashen bank....,5,2025-01-30,DASHEN,Google Play,positive,POSITIVE
Dashen bank super app for easy life.,5,2025-01-30,DASHEN,Google Play,positive,POSITIVE
Excellent UI/UX and beyond Banking servicesüëçüëç,5,2025-01-30,DASHEN,Google Play,positive,POSITIVE
Send to oher bank ·ã®·àö·àà·ãâ ·ãâ·àµ·å• ·åà·â•·â∞·äï ·ãà·ã∞ addisinternational bank ·àà·àò·àã·ä≠ ·ä†·ã≠·à∞·à´·àù ·àÅ·àà·â∞·äõ ·ã∞·åç·àû ·ãà·ã∞ cbe birr ·àà·àò·àã·ä≠ account number ·ã≠·å†·ã≠·âÉ·àç ·àû·â£·ã≠·àç ·äê·â†·à≠ ·äê·ãâ ·àò·å†·ã®·âÖ ·ã´·àà·â†·âµ ·ã≠·àò·àµ·àà·äõ·àç,2,2025-01-29,DASHEN,Google Play,positive,NEGATIVE
Just Wow,5,2025-01-29,DASHEN,Google Play,positive,POSITIVE
mobile banking to the next level,5,2025-01-28,DASHEN,Google Play,neutral,POSITIVE
The first 3 star review is me,3,2025-01-25,DASHEN,Google Play,neutral,POSITIVE
Is not working,1,2025-01-25,DASHEN,Google Play,neutral,NEGATIVE
"Fast, reliable and user friendly. Amazing chatting features. Keep it up! Always one step ahead!",5,2025-01-24,DASHEN,Google Play,positive,POSITIVE
V good ‚ùóÔ∏è,5,2025-01-24,DASHEN,Google Play,positive,POSITIVE
"This app is literally the best thing ever The chat banking is so easy just text and it‚Äôs done Super smooth, fast, and honestly a life saverIf you haven‚Äôt downloaded it yet you‚Äôre missing out big time",5,2025-01-23,DASHEN,Google Play,positive,POSITIVE
I only see white page,2,2025-01-23,DASHEN,Google Play,neutral,NEGATIVE
Excellent banking app for all your needs! Who needs a physical branch when you can use Dashen Bank Super App Instead! I've never had an issue with anything that Dashen Bank Super App haven't handled swiftly and resolved to my satisfaction and above I don't often write reviews but this is an app/bank that I would highly recommended to everyone üíØ üëåüëç,5,2025-01-22,DASHEN,Google Play,positive,POSITIVE
Amizing Application üòç,5,2025-01-22,DASHEN,Google Play,positive,NEGATIVE
Fastest and easy to use,5,2025-01-22,DASHEN,Google Play,positive,POSITIVE
·àµ·àù ·â•·âª üòè,2,2025-01-21,DASHEN,Google Play,neutral,NEGATIVE
Exellent app with exellent banking system and exellent bank ever,5,2025-01-21,DASHEN,Google Play,neutral,NEGATIVE
Amazing app to use as usual! But why option of transferring to Telebirr and M pesa which was available on Amole app is omitted?? Dasheen is my favourite keep it up.,4,2025-01-20,DASHEN,Google Play,positive,POSITIVE
Needs some improvement,5,2025-01-20,DASHEN,Google Play,positive,NEGATIVE
Amazing,5,2025-01-20,DASHEN,Google Play,positive,POSITIVE
Amazing super app,5,2025-01-19,DASHEN,Google Play,positive,POSITIVE
I hope it will be better than amole,5,2025-01-18,DASHEN,Google Play,positive,POSITIVE
Wly Super App ilove it ‚ù§Ô∏è üòç üíñ üíï,5,2025-01-18,DASHEN,Google Play,positive,NEGATIVE
Dashen yichalal. Ewnetem one step a head,5,2025-01-17,DASHEN,Google Play,neutral,NEGATIVE
It has a Good performance but need more upgrade for more performance like when we login account not be fast balance show other thing looking good. Carry on. Thanks so much for Greatest service,4,2025-01-17,DASHEN,Google Play,positive,POSITIVE
"It is a very wonderful work that has saved its time. That is why it is ""Always one step ahead!""",5,2025-01-17,DASHEN,Google Play,positive,POSITIVE
‚ÄúLife-changing!‚Äù I can‚Äôt imagine going back to traditional banking after using this app. It‚Äôs so convenient.,5,2025-01-17,DASHEN,Google Play,neutral,POSITIVE
Pro max,5,2025-01-17,DASHEN,Google Play,neutral,POSITIVE
The most good app and easy,5,2025-01-16,DASHEN,Google Play,positive,POSITIVE
"Excellent and user friendly App. Excellence is what makes you always one step ahead. Dashen Bank, Always One Step Ahead !!",5,2025-01-16,DASHEN,Google Play,positive,POSITIVE
Proud to be dashen family . Shout out to the serial entrepreneur üëè,5,2025-01-16,DASHEN,Google Play,positive,POSITIVE
First ATM in East africa ‚≠êÔ∏è‚≠êÔ∏è‚≠êÔ∏è‚≠êÔ∏è‚≠êÔ∏è,5,2025-01-16,DASHEN,Google Play,neutral,POSITIVE
Best app.,5,2025-01-16,DASHEN,Google Play,positive,POSITIVE
Better Move to catch the competition upüëç,5,2025-01-16,DASHEN,Google Play,positive,POSITIVE
"Great job my home, my bank.",5,2025-01-16,DASHEN,Google Play,positive,POSITIVE
Always one step ahead! What a masterpiece.,5,2025-01-16,DASHEN,Google Play,positive,POSITIVE
Great App Well done Dashen Bank,5,2025-01-15,DASHEN,Google Play,positive,POSITIVE
Great!,5,2025-01-15,DASHEN,Google Play,positive,POSITIVE
"I love it but it has bugs during confirmation of password! So, please make it functional",5,2025-01-15,DASHEN,Google Play,positive,POSITIVE
Always one step forward,5,2025-01-15,DASHEN,Google Play,neutral,POSITIVE
"It's great! But it will be advanced if you include a caption that allow customers to transfer to Telebirr account. Dashen Bank, ""·ä©·àâ ·åç·ãú·ç° ·àì·ã∞ ·àµ·åï·àö ·âÄ·ã≥·àö·ç¢"" (Always one step ahead!)",4,2025-01-15,DASHEN,Google Play,positive,POSITIVE
Small size with vast features and functionalities.,5,2025-01-15,DASHEN,Google Play,neutral,POSITIVE
Amazing app üëè üëå Dashen bank one step a head,5,2025-01-15,DASHEN,Google Play,positive,POSITIVE
"It has a great application features from the beginning. I'm glad to use it even I haven't used it yet because I haven't activated my account yet. But it's simple, comprehensive, full of information, and fast. ·â†·à≠·â± ·ã≥·à∏·äñ·âΩ: The super app has impressed me more than I expected.",5,2025-01-15,DASHEN,Google Play,positive,POSITIVE
Dashen Bank Always One Step Ahead!,5,2025-01-15,DASHEN,Google Play,neutral,POSITIVE
U can't create account,1,2025-01-15,DASHEN,Google Play,negative,NEGATIVE
Really super app... so seamless and with a nice user interface .. we are proud of you dashen bank ...,5,2025-01-15,DASHEN,Google Play,positive,POSITIVE
We will see it,2,2025-01-15,DASHEN,Google Play,neutral,POSITIVE
Always one step a head!,5,2025-01-15,DASHEN,Google Play,neutral,POSITIVE
"A lightweight,catchy and smooth app",5,2025-01-15,DASHEN,Google Play,neutral,POSITIVE
Very impressive interface with best security feature and user friendly app.,5,2025-01-15,DASHEN,Google Play,positive,POSITIVE
It is so far so good it has a unique features than telebirr good job Dashen,5,2025-01-15,DASHEN,Google Play,positive,POSITIVE
"Yea , it's a good idea to make it with the bank name, it will help for the bank easily to find the application, and customers can easily downloed and use the product. I wish all the best for Dashen bank initiative.",5,2025-01-15,DASHEN,Google Play,positive,POSITIVE
This is My Bank!,5,2025-01-15,DASHEN,Google Play,neutral,POSITIVE
"Truly, db => AlwaysOneStepAhead !!",5,2025-01-14,DASHEN,Google Play,positive,NEGATIVE
ALWAYS ONE STEP AHEAD,5,2025-01-14,DASHEN,Google Play,neutral,POSITIVE
Well developed,5,2025-01-14,DASHEN,Google Play,positive,POSITIVE
oh nice!!! i wish it's very nice app,5,2025-01-14,DASHEN,Google Play,positive,POSITIVE
Really the app looks like amazing. I can't wait to activate in the morning.,5,2025-01-14,DASHEN,Google Play,positive,POSITIVE
Applause üëè Dashen Bank. One of the best super app inorder to pay easily and securely. One step a head.,5,2025-01-14,DASHEN,Google Play,positive,POSITIVE
Wow Dashen Super App üöÄüöÄ,5,2025-01-14,DASHEN,Google Play,positive,POSITIVE
All in One,5,2025-01-14,DASHEN,Google Play,neutral,POSITIVE
The best Banking app I have ever seen,5,2025-01-14,DASHEN,Google Play,positive,POSITIVE
It looks good and simple to use,5,2025-01-14,DASHEN,Google Play,positive,POSITIVE
App That makes Difference!,5,2025-01-14,DASHEN,Google Play,neutral,POSITIVE
Faster and userfriendly,5,2025-01-14,DASHEN,Google Play,neutral,POSITIVE
"Waw Great and innovated,user friendly, always one step ahead",5,2025-01-13,DASHEN,Google Play,positive,POSITIVE
It's Best waww üôè,5,2025-01-13,DASHEN,Google Play,positive,POSITIVE
Always one step ahead,5,2025-01-13,DASHEN,Google Play,neutral,POSITIVE
"Like Me, I Hope It Works Better Than Before.",5,2025-01-11,DASHEN,Google Play,positive,POSITIVE
40% good,2,2025-06-04,DASHEN,Google Play,positive,POSITIVE
