review,rating,date,bank,source
really am happy to this app it is Siple to use everything,5,2025-06-07,CBE,Google Play
I liked this app. But the User interface is very basic and not attractive at all.,2,2025-06-07,CBE,Google Play
"""Why donâ€™t your ATMs support account-to-account transfers like other countries( Kenya, Nigeria , South africa)""",4,2025-06-06,CBE,Google Play
what is this app problem???,1,2025-06-05,CBE,Google Play
the app is proactive and a good connections.,5,2025-06-05,CBE,Google Play
I cannot send to cbebirr app. through this app.,3,2025-06-05,CBE,Google Play
good,4,2025-06-05,CBE,Google Play
not functional,1,2025-06-05,CBE,Google Play
"everytime you uninstall the app you have to reach them out physically. very oldy! if that's one of security layer, they'd check for fraud attempt via app source directly(source:- app store, play store ... etc) implicitly ! we are in 2025, physical presence for every app install is traditional(traditionally very rare).",1,2025-06-04,CBE,Google Play
áŠ áŠ«á‹áŠ•á‰µ á‹¨áˆáŠ“áˆµáŒˆá‰£á‰ á‰µ á‰¦á‰³ áˆµáˆ áŒ½áˆáŠ• áŠá‹ áŠ¨á‹šáˆ… á‰ áŠá‰µ á‹¨áˆ‹áŠ­áŠ•á‰£á‰¸á‹áŠ• áŠ áŠ«á‹‰áŠ•á‰¶á‰½ á‹¨áˆáŠ•áˆáˆáŒˆá‹‰ áŠáŒˆáˆ­ áŒáŠ• áŠ á‹²áˆµ áŠ áŠ«á‹áŠ•á‰¶á‰½ mr á‰¥áˆˆá‹‰ á‹¨áˆšáŒ€áˆáˆ© á‰ á‹á‰°á‹‹áˆ áŒáŠ• áŠ á•áˆáŠ¬áˆ½áŠ‘ space áˆµáŠ•áŒ½á áŠ á‹­á‰€á‰ áˆáˆ á‰¢áˆµá‰°áŠ«áŠ¨áˆ,4,2025-06-04,CBE,Google Play
best,5,2025-06-04,CBE,Google Play
bezabih,5,2025-06-04,CBE,Google Play
Best Mobile Banking app ever,5,2025-06-04,CBE,Google Play
it was good app but it have some issues like it doesnt give me the right amount that I have in the bank and have some issues in transferring,2,2025-06-04,CBE,Google Play
Good,5,2025-06-04,CBE,Google Play
ğŸ‘ŒğŸ‘,5,2025-06-04,CBE,Google Play
very niec,5,2025-06-04,CBE,Google Play
best app of finance,5,2025-06-04,CBE,Google Play
yetemeta,1,2025-06-03,CBE,Google Play
Engida Kebede Fetera,5,2025-06-03,CBE,Google Play
it is not safety,1,2025-06-03,CBE,Google Play
NICE bank,5,2025-06-03,CBE,Google Play
it is like a childish app make it better the worst I have ever seen,1,2025-06-02,CBE,Google Play
"It's a problem solver application, go ahead CBE, I love so much.",5,2025-06-02,CBE,Google Play
It's good but try to make it facilitate for your client,4,2025-06-02,CBE,Google Play
best app,5,2025-06-01,CBE,Google Play
Awesome bank,5,2025-06-01,CBE,Google Play
this app has developed in a very good ways but there are some comments I need to make 1- preventing the screenshot likely not good for someone like me coz I need to make screenshot for quicker evidence. 2-it would be good if you make us to access recent transaction histories for 30 days coz we don't have to go to the Bank's in person to see old transactions or add colander category so user can easily access old transactions through colanders.,5,2025-05-31,CBE,Google Play
Masha alla,5,2025-05-31,CBE,Google Play
"Recently there is big problem when sending to safaricom, telebir, and even to cbebirr wallet could anybody who is responsible fix it, it's very frustrating it's been 5 days and my money hasn't been returned it takes it out of my account but doesn't send it to my mpesa update- they have just corrected it and sent me back the money but still I'm afraid now to send again",2,2025-05-31,CBE,Google Play
better service,5,2025-05-31,CBE,Google Play
"it,s good app and time manager ğŸ‘",5,2025-05-30,CBE,Google Play
malkaamuu Jiidhaa Namoo,5,2025-05-30,CBE,Google Play
lower system everything,3,2025-05-30,CBE,Google Play
Nice!,5,2025-05-30,CBE,Google Play
Keep it up My CBE,5,2025-05-29,CBE,Google Play
yes good,5,2025-05-28,CBE,Google Play
"I was using this app for the last two years with no problems. It stopped working about 3 months ago. when I tried to transfer funds it gives me error ""can't do this transaction. inactive account.""",4,2025-05-27,CBE,Google Play
i like everything of this app,5,2025-05-27,CBE,Google Play
ğŸ¤¬ğŸ¤¬ğŸ¤¬ğŸ¤¬ network ğŸ›œ,1,2025-05-26,CBE,Google Play
Best,5,2025-05-26,CBE,Google Play
CBE is the best financial application and and very dimple to use. I would like to say thank you so much for the developer of application. I really appreciate this app.,5,2025-05-26,CBE,Google Play
nice,5,2025-05-26,CBE,Google Play
good job,5,2025-05-26,CBE,Google Play
it's awesome!!,5,2025-05-25,CBE,Google Play
thankyou every one,5,2025-05-25,CBE,Google Play
Ronaldo ğŸ‡µğŸ‡¹ ğŸ¥‡,5,2025-05-25,CBE,Google Play
"this app is absolutely fantastic I love it and I enjoying to it ,let us support this foundation together .",5,2025-05-25,CBE,Google Play
"The CBE app has been highly unreliable in recent weeks. It frequently fails to work properly on both Ethio Telecom and Safaricom networks, whether using Wi-Fi or mobile data. This week, the system was down entirely for extended periods, making it very difficult to access banking services. The app only functions intermittently, and the lack of consistency is frustrating. I hope the issues are addressed soon, and that any non-technical influences are removed from such essential services.",2,2025-05-25,CBE,Google Play
mortuary app,5,2025-05-25,CBE,Google Play
it is smart app but it has stoped after some period of time on my device with out any reason .,5,2025-05-25,CBE,Google Play
amazing app I am used this app for one year,4,2025-05-24,CBE,Google Play
ğŸ‘,5,2025-05-24,CBE,Google Play
good app,5,2025-05-24,CBE,Google Play
i love it ğŸ˜ğŸ˜˜,5,2025-05-24,CBE,Google Play
It makes life easy!ğŸ‘Œ,5,2025-05-24,CBE,Google Play
its not fast,1,2025-05-24,CBE,Google Play
wow,4,2025-05-24,CBE,Google Play
it is sooo good,5,2025-05-24,CBE,Google Play
excellent,5,2025-05-24,CBE,Google Play
ok,1,2025-05-24,CBE,Google Play
Fantastic,5,2025-05-23,CBE,Google Play
accessible to using,5,2025-05-23,CBE,Google Play
I like it,4,2025-05-23,CBE,Google Play
why you change default network?,5,2025-05-23,CBE,Google Play
very nice ğŸ‘,5,2025-05-23,CBE,Google Play
nice fast app,5,2025-05-23,CBE,Google Play
how to I get my money,5,2025-05-23,CBE,Google Play
"Very bad, can't even load they need to improve their services.",1,2025-05-22,CBE,Google Play
"Very good app, but please make it reliable . it crashes sometimes .",4,2025-05-22,CBE,Google Play
very busy I don't know why... I prefer 889,3,2025-05-22,CBE,Google Play
"Sometimes it has a nasty lag for several hour fix that , the rest is ğŸ‘Œ",4,2025-05-22,CBE,Google Play
the most boring Mobil banking application in ethiopia.Please use alternative private banks mobile banking apps,1,2025-05-22,CBE,Google Play
hojii bonsaadha,5,2025-05-22,CBE,Google Play
user-friendly apps.because this app is easy.,5,2025-05-22,CBE,Google Play
Awosome!!!,5,2025-05-22,CBE,Google Play
"Very good app,",5,2025-05-22,CBE,Google Play
sync problem may 22 2025 but the date stack on may 8 2025 help pls,5,2025-05-22,CBE,Google Play
á‹­áˆ… áˆ˜á‰°áŒá‰ áˆªá‹« á‰ áŒ£áˆ áŒ¥áˆ© áŠá‹. this app is very nice,5,2025-05-22,CBE,Google Play
I hate this app ğŸ˜’,1,2025-05-22,CBE,Google Play
trustful,5,2025-05-22,CBE,Google Play
I like,5,2025-05-22,CBE,Google Play
update issue,4,2025-05-22,CBE,Google Play
its not working over safari network,1,2025-05-22,CBE,Google Play
oldie,1,2025-05-22,CBE,Google Play
it doesn't work,1,2025-05-21,CBE,Google Play
"This app is good, and we are using it well",1,2025-05-21,CBE,Google Play
very nice ğŸ‘Œ app for android phone,5,2025-05-21,CBE,Google Play
Yes Yes,5,2025-05-21,CBE,Google Play
á‰ áŒ£áˆ áŠ¨áˆ­á‹á‹,1,2025-05-21,CBE,Google Play
easy to use helpful in my life,5,2025-05-21,CBE,Google Play
good ğŸ‘,4,2025-05-21,CBE,Google Play
the best mobile banking app,5,2025-05-21,CBE,Google Play
"this app is very useful app,it saves time,and it is secure",4,2025-05-21,CBE,Google Play
it's a good application ğŸ‘,5,2025-05-21,CBE,Google Play
the screenshot and the reffresh options are so annoying that makes transaction so delaying activity !,2,2025-05-21,CBE,Google Play
poor service,1,2025-05-21,CBE,Google Play
amazing,5,2025-05-20,CBE,Google Play
it is reliable and easy to use.,5,2025-05-20,CBE,Google Play
the most annoying mobile banking app I've ever seen,1,2025-05-20,CBE,Google Play
Cbe mobile banking,5,2025-05-20,CBE,Google Play
"i can't make Screenshout in this app, please made modification",5,2025-05-20,CBE,Google Play
Best app I loved it,5,2025-05-19,CBE,Google Play
nice app,5,2025-05-19,CBE,Google Play
Amazing applicatiom sometimes doesnt work!,5,2025-05-18,CBE,Google Play
well satisfied with this beautiful app,5,2025-05-18,CBE,Google Play
very good,4,2025-05-17,CBE,Google Play
best app.,5,2025-05-17,CBE,Google Play
"not working,why???",5,2025-05-17,CBE,Google Play
Great impact but why Developer option turnoff if you fix ğŸ™ ğŸ™ ğŸ™,5,2025-05-17,CBE,Google Play
always disappointing ! especially the iOS one !! some similar local applications are extremely superior to this application!! Really disappointing!,1,2025-05-17,CBE,Google Play
woxe harimo ribiso,5,2025-05-17,CBE,Google Play
"Good ,easy to use",5,2025-05-16,CBE,Google Play
Good app,5,2025-05-15,CBE,Google Play
Good jobğŸ‘,5,2025-05-14,CBE,Google Play
"Please kindly ask to update the app and allow us to screenshot, it's convenient and efficient as long as you add security to the access there is no reason to block us from screenshooting our screen.",2,2025-05-14,CBE,Google Play
I have using the CBE mobile banking app. and overall i appreciate its Feuteres However i.ve Notticed that when i turn on the Developer options on my divice the App.Stop Functioning prorerly It.Would Be Great If You could look into This issue as l often need to access Developer setting for Otter Application ThankYou For Your attention to This Matter,4,2025-05-13,CBE,Google Play
customer service is bad nothing is good about this bank,1,2025-05-13,CBE,Google Play
It is Amazing Mobile Banking App....But why the screenshot of the receipt doesnt work,5,2025-05-13,CBE,Google Play
fast and simple easy to use ğŸ‘Œ,5,2025-05-12,CBE,Google Play
The fastest transferring app I ever had its so reliable,5,2025-05-11,CBE,Google Play
"Funds transferred from the same bank do not reflect in the account, even though a confirmation text message was received.",3,2025-05-11,CBE,Google Play
it's easy and fast,5,2025-05-10,CBE,Google Play
This app don't have self activation only you have to look near cbe branch that's disgusting,1,2025-05-10,CBE,Google Play
hello dearest CBE office personnel make some benefits for those using interest free accounts thanks for your help,5,2025-05-09,CBE,Google Play
wow best application ever,5,2025-05-09,CBE,Google Play
"Am sorry but what does developer mode do to the application ? hack it ? are you sure you are developer or are you stupid, doesnt makes sense,",1,2025-05-08,CBE,Google Play
the pride of Ethiopian bank ğŸ¦,5,2025-05-08,CBE,Google Play
why the app telling me to turn of developer options please fix it.,1,2025-05-07,CBE,Google Play
i am very happy . i have small prob. after i transfer i cant put the transfer cashe bil to my dic.,5,2025-05-07,CBE,Google Play
amazing apps,5,2025-05-06,CBE,Google Play
All service of Mobile Banking,5,2025-05-06,CBE,Google Play
needs improvement,1,2025-05-06,CBE,Google Play
i miss the old one i couldn't send my mony to other bank..,1,2025-05-06,CBE,Google Play
the app is recently crushing each time you open and try to make transfers...it used to be good. take lessons from the Dashen Super app or ethiotelecom. it is not befitting of your experience and glory. inv3st in making it more friendly and convenient. I am considering leaving CBE for good.,2,2025-05-06,CBE,Google Play
good but these week not oky,4,2025-05-06,CBE,Google Play
well designed! Fixing bugs & two step verification with biometric... simply it's great!,5,2025-05-06,CBE,Google Play
If any developer is reading this please fix the screenshot functionality or at least the download button should work flawlessly without me touching it twenty times.,1,2025-05-05,CBE,Google Play
"it's a great job.but one more thing, it hasn't been placed for transfer to other banks on face like mobile charge card place",5,2025-05-05,CBE,Google Play
CBE mobilr bankg,5,2025-05-05,CBE,Google Play
verygood,3,2025-05-05,CBE,Google Play
Ù…Ù…ØªØ§Ø² Ø¬Ø¯Ø§,5,2025-05-04,CBE,Google Play
it's very low quality application,1,2025-05-04,CBE,Google Play
Very Amazing Apps,5,2025-05-04,CBE,Google Play
áŠ á‹›,1,2025-05-04,CBE,Google Play
wow simple life,5,2025-05-04,CBE,Google Play
it's nice,5,2025-05-03,CBE,Google Play
Why stacked sometimes,5,2025-05-03,CBE,Google Play
okay ğŸ‘ but sometimes busy,1,2025-05-03,CBE,Google Play
the worst commercial company that fails to do even the most normal things again and and again.,1,2025-05-03,CBE,Google Play
Very good app. but disappointed by general cessation of system.,5,2025-05-02,CBE,Google Play
Good and fast,5,2025-05-02,CBE,Google Play
Unreliable!,1,2025-05-02,CBE,Google Play
Best the best fast,5,2025-05-02,CBE,Google Play
happy,5,2025-05-02,CBE,Google Play
fast and reliable,5,2025-05-02,CBE,Google Play
network errorrrrrr,2,2025-05-02,CBE,Google Play
Best app but there is some problem I can't send money to telebirr or mpesa so if you can add that it could be use full,4,2025-05-02,CBE,Google Play
its good and simple to use,5,2025-05-02,CBE,Google Play
worest app like that bank for security and network access,1,2025-05-02,CBE,Google Play
it's the best app i,5,2025-05-02,CBE,Google Play
not bad not good,1,2025-05-02,CBE,Google Play
its very nice,5,2025-05-02,CBE,Google Play
do not work this week,3,2025-04-30,CBE,Google Play
It crashes frequently,4,2025-04-30,CBE,Google Play
the best,5,2025-04-28,CBE,Google Play
"I can simply describe this app as ""Making all your work easier"".",5,2025-04-28,CBE,Google Play
goid,5,2025-04-28,CBE,Google Play
best appearance,5,2025-04-27,CBE,Google Play
it's very good ğŸ‘ app,5,2025-04-27,CBE,Google Play
I need support you,5,2025-04-27,CBE,Google Play
the worst Mobile banking i have ever seen in my life,1,2025-04-26,CBE,Google Play
super,5,2025-04-26,CBE,Google Play
áŒ áŒ€áŒ¨áŒˆáŒ€á¢áŒ€áŒˆ,5,2025-04-26,CBE,Google Play
i like the app,5,2025-04-26,CBE,Google Play
the Best,1,2025-04-26,CBE,Google Play
to other bank is bad,1,2025-04-25,CBE,Google Play
tank's,5,2025-04-25,CBE,Google Play
its good but add more features such like. bank statement showing,5,2025-04-24,CBE,Google Play
it is so nice,5,2025-04-24,CBE,Google Play
Very GoodğŸ‘,5,2025-04-21,CBE,Google Play
"my first frequent experience of cbe app is critical-time failure such as suspending payment on air for 2-5 days with zero explanation, deducting from sender account without depositing to the receiver act. Another fatal error by the banking company as a whole (not the app itself though) is forced-banking with corporations without consent of employers-users of the corresponding corporations",2,2025-04-21,CBE,Google Play
"wow, amazing app",5,2025-04-21,CBE,Google Play
use ful,5,2025-04-21,CBE,Google Play
Great app,5,2025-04-21,CBE,Google Play
well app,5,2025-04-20,CBE,Google Play
Actually it is inactive,4,2025-04-19,CBE,Google Play
"slow, only one account is used",2,2025-04-19,CBE,Google Play
always CBE is the leading Commercial BankğŸ’ªğŸ’ªğŸ’ª,5,2025-04-18,CBE,Google Play
i like it,5,2025-04-18,CBE,Google Play
why removing screenshot feature why?,1,2025-04-18,CBE,Google Play
nice apps where network is good in connection,5,2025-04-18,CBE,Google Play
Thank you!!!,5,2025-04-18,CBE,Google Play
i can't take screenshot,1,2025-04-18,CBE,Google Play
"every update was made the system better and better until the March 19th, 2025 update, not allowing us to screenshot. you guys didn't understand how much it's a really quick and significant thing. You add extra steps to us, which makes the process draw back",3,2025-04-18,CBE,Google Play
perfectly special,5,2025-04-18,CBE,Google Play
Fast and Reliable,5,2025-04-18,CBE,Google Play
The best application I have ever seen in Ethiopia banking industry.,5,2025-04-17,CBE,Google Play
great app!!!,5,2025-04-17,CBE,Google Play
because sometimes it doesn't working it load too much,3,2025-04-17,CBE,Google Play
"Absolutely the best app! It works flawlessly, anytime and anywhere.",5,2025-04-17,CBE,Google Play
very nice app ever!!!,5,2025-04-16,CBE,Google Play
the best app,5,2025-04-16,CBE,Google Play
Biometric security for mobile banking is not available,5,2025-04-16,CBE,Google Play
great,5,2025-04-15,CBE,Google Play
Nice service,5,2025-04-15,CBE,Google Play
great app,5,2025-04-15,CBE,Google Play
it's special apps,5,2025-04-15,CBE,Google Play
"In the updated version of the app, it takes more time to download the receipt.",3,2025-04-15,CBE,Google Play
áˆˆáˆáŠ•á‹µáŠá‹ á‰µáˆ«áŠ•á‹›áŠ­áˆ½áŠ• á‰µáŠ•áˆ½ á‰¥á‰» á‹¨áˆšá‹«áˆ³á‹¨á‹ ?,3,2025-04-14,CBE,Google Play
Good ğŸ”¥,5,2025-04-14,CBE,Google Play
very interesting app i am using every day fantastic,5,2025-04-14,CBE,Google Play
lebaa bank,5,2025-04-14,CBE,Google Play
Can't scan/recognize other banks' Interoperable QR Codes,1,2025-04-13,CBE,Google Play
OK,5,2025-04-13,CBE,Google Play
grateful app,5,2025-04-13,CBE,Google Play
100% â¤ï¸â¤ï¸â¤ï¸ğŸ™ğŸ™ğŸ™ğŸ™ğŸ™ğŸ™ğŸ™ğŸ™ğŸ™ğŸ™ğŸ™ğŸ™ğŸ™ğŸ™ğŸ™ğŸ™,5,2025-04-13,CBE,Google Play
everthing wellbeok,3,2025-04-13,CBE,Google Play
"""This mobile banking app is fast and user-friendly, but the only issue I encountered is that I can't access my bank statement within the app. I kindly request that this feature be added, similar to what is offered by other private bank mobile banking apps.",4,2025-04-13,CBE,Google Play
nice app ğŸ‘Œ,5,2025-04-12,CBE,Google Play
why did this app is not screenshot,5,2025-04-12,CBE,Google Play
it so good app,5,2025-04-12,CBE,Google Play
Ø¬Ù…ÙŠÙ„,5,2025-04-11,CBE,Google Play
"less network, specially to make fee for utility purpose",1,2025-04-11,CBE,Google Play
simply for used,4,2025-04-11,CBE,Google Play
wow keep up,5,2025-04-10,CBE,Google Play
its great app but when updating we can't take screen shot please try to fix it,3,2025-04-10,CBE,Google Play
good one,5,2025-04-10,CBE,Google Play
everything is easy thank you cebe,5,2025-04-10,CBE,Google Play
áˆáŒ£áŠ• á‰€áˆáŒ£á‹,5,2025-04-10,CBE,Google Play
áŒá‰ á‹,5,2025-04-09,CBE,Google Play
but this app says can't sync,5,2025-04-09,CBE,Google Play
waw,5,2025-04-09,CBE,Google Play
to slow,3,2025-04-09,CBE,Google Play
work on screen shot system,4,2025-04-08,CBE,Google Play
very very nice aplication,1,2025-04-08,CBE,Google Play
wonder full and it is easy to use,5,2025-04-08,CBE,Google Play
easy and reliable,2,2025-04-08,CBE,Google Play
it is Very Useful app ğŸ‘,5,2025-04-07,CBE,Google Play
perfect app,5,2025-04-07,CBE,Google Play
I like it.,5,2025-04-07,CBE,Google Play
bugs,3,2025-04-07,CBE,Google Play
commerial Bank,5,2025-04-06,CBE,Google Play
Genat biru,2,2025-04-06,CBE,Google Play
ğŸ™,5,2025-04-06,CBE,Google Play
it is good but it doesn't allow screen shot,4,2025-04-06,CBE,Google Play
the best one,5,2025-04-06,CBE,Google Play
You need to copy many things from other bank apps like Amole(Dashen),2,2025-04-06,CBE,Google Play
bring back the screenshot feature.,1,2025-04-05,CBE,Google Play
Good!ğŸ‘,3,2025-04-05,CBE,Google Play
best app to experience him that to smooth transaction among the customers,1,2025-04-05,CBE,Google Play
nice app suitable to use it. the only weak side is it need data connections and hoping will be fixed to offline i gave 4 rate,4,2025-04-05,CBE,Google Play
easy to use,5,2025-04-05,CBE,Google Play
"Good job to the CBE team on this mobile app! It's designed in a way that's simple and intuitive to navigate, which is great for everyone. It effectively handles the essential banking tasks I need to perform regularly. It's a practical and reliable tool that makes everyday banking much more convenient. Thank you for this useful application.",5,2025-04-04,CBE,Google Play
áˆˆáŠ” á‰ áŒ£áˆ áˆáˆ­áŒ¥ áŠá‹ áŒáŠ• screenshot áˆ›áˆ¨áŒ á‰¢á‰»áˆ áˆáˆ­áŒ¥ áŠá‰ áˆ­,5,2025-04-04,CBE,Google Play
before it was smooth and good. this time after the new update in 2025 i can not make screenshot of my recite. even the downlod button is very delayed in putting my recite in my gallery for simple proof. please fix this i am unable to show proof of payment to my clients. thankyou.,3,2025-04-04,CBE,Google Play
cool â¤,4,2025-04-04,CBE,Google Play
Best app,5,2025-04-04,CBE,Google Play
best banking App,4,2025-04-03,CBE,Google Play
satisfied,5,2025-04-03,CBE,Google Play
this app is very necessary app many people found it,5,2025-04-03,CBE,Google Play
cbe very active Bank I'm using CBE app very very satisfaction,5,2025-04-03,CBE,Google Play
It made life alot easier. I cant even imagine having to make all those transactions in person. So this app was crucial for me. Very good app. well done.,5,2025-04-03,CBE,Google Play
perfect,5,2025-04-03,CBE,Google Play
thankyou,5,2025-04-02,CBE,Google Play
I Like it,5,2025-04-02,CBE,Google Play
"I don't understand the reason, why I need to disable developer options to access the app, it has no security risks nor does it hinder the app's functionalities. This goes out to the dev, I hope your life is filled with inconveniences.",1,2025-04-02,CBE,Google Play
smart app,5,2025-04-02,CBE,Google Play
isin ga'a,2,2025-04-02,CBE,Google Play
it's great,5,2025-04-02,CBE,Google Play
very good app and stars faction with work,5,2025-04-02,CBE,Google Play
It is excelent,5,2025-04-01,CBE,Google Play
Smart,5,2025-04-01,CBE,Google Play
á‰ á‹¨á‹ˆáˆ© áŠ á•á‹°á‰µ áŠ¥á‹¨áŒ á‹¨á‰€áŠ áŠá‹ áˆˆáŠáŒˆáˆ© á‰¥áˆ­ áˆµáˆŒáˆˆáŠ á‹­áˆ†áŠ“áˆ áŠ¥áŠ“ áˆáŠ• áˆˆáˆ›áˆˆá‰µ áˆáˆáŒˆ áˆ˜áˆ°áˆ‹á‰¹ á‹ˆáˆ‹áˆ… á‰¼áŒáˆ®áŠ›áˆ ğŸ¥ºğŸ¥ºğŸ¥º,3,2025-04-01,CBE,Google Play
very interesting app,5,2025-04-01,CBE,Google Play
wow.......cbe.....keep it up.....!!!!!!,5,2025-04-01,CBE,Google Play
áŒŠá‹œáŠ• á‰†áŒ£á‰¢ áŠ¥áŠ“ áˆ…á‹­á‹ˆá‰µáŠ• á‰€áˆˆáˆ áŠ¨áˆšá‹«á‹°áˆ­áŒ‰ áŠ¢á‰µá‹¬áŒ²á‹« áŠ«áˆ‰ á‹á‹­áŠ“áŠ•áˆµ áŠ á•áˆáŠ¬áˆ½áŠ–á‰½ áˆáˆ‰ á‹­áˆ„ á‹­áˆˆá‹«áˆ,5,2025-04-01,CBE,Google Play
ExcellentğŸ™app,5,2025-04-01,CBE,Google Play
the most useful,5,2025-04-01,CBE,Google Play
I am more satisfied in this app . More sure you have to secure.,4,2025-04-01,CBE,Google Play
Easy to use,5,2025-04-01,CBE,Google Play
"very good, but sometimes NUR CBE comes without my consent. even if I choose locked, it appears",4,2025-04-01,CBE,Google Play
Excellent !!!,5,2025-04-01,CBE,Google Play
always we relay on,5,2025-04-01,CBE,Google Play
I'm lucky to have thisğŸ™ thank you CBE.,5,2025-04-01,CBE,Google Play
it's need more improvement like Tellbirr.,4,2025-04-01,CBE,Google Play
goode app,5,2025-04-01,CBE,Google Play
a very nice app.ğŸ‘ğŸ‘ğŸ‘,5,2025-04-01,CBE,Google Play
safe easy & fast,5,2025-04-01,CBE,Google Play
it's good app,5,2025-04-01,CBE,Google Play
It is veary useful app but screen shout was impossible .solve this problem,5,2025-04-01,CBE,Google Play
áŒ¥áˆ© áŠá‹,5,2025-04-01,CBE,Google Play
áŠ¥áŒ…áŒ á‰ áŒ£áˆ áŒ¥áˆ© áŠ á•,5,2025-04-01,CBE,Google Play
á‰ áŒ£áˆ áˆƒáˆªá áŠá‹ áŒáŠ• á‰¥áˆ­ á‰ áˆšá‰°áˆ‹áˆˆáá‰ á‰µ á‹ˆá‰…á‰µ á‰°á‰€áŠ•áˆ·áˆ á‹­áˆ‹áˆ áŠ¥áˆ‹áŠ áˆ˜áˆáŠ­á‰± á‹­á‹°áˆ­áˆ³áˆ áŒáŠ• áŠ á‹­á‰€áŠ•áˆµáˆ,5,2025-04-01,CBE,Google Play
suitable app,4,2025-04-01,CBE,Google Play
Dear cbe this app is not comparable with 21century and pls try to solve it.ğŸ’€ğŸ’€ğŸ’€,1,2025-04-01,CBE,Google Play
best transaction method of financial,5,2025-04-01,CBE,Google Play
#CBE is Now going to on the right Pathway/track/!! Thank you CBE one step ahead on payment platform app!!,5,2025-04-01,CBE,Google Play
It literarily don't work at all,4,2025-04-01,CBE,Google Play
good give us plus,5,2025-04-01,CBE,Google Play
"Very good application. However, I have one functionality recommendation. What if you let the app transfer money to any telebirr account as for MPESA? By the way, I am not the only one to ask this. Thank you!",4,2025-04-01,CBE,Google Play
before update it was able to screenshot while after update I can't able to screenshot the transfere details,4,2025-04-01,CBE,Google Play
Tnc Cbe,5,2025-04-01,CBE,Google Play
it is good app. But you have integrate cbe with cbe birr. to allow cardless withdrawal directly from our accout!,4,2025-03-31,CBE,Google Play
great apps,5,2025-03-31,CBE,Google Play
Excellent,5,2025-03-31,CBE,Google Play
Great app!,4,2025-03-31,CBE,Google Play
CBE,5,2025-03-31,CBE,Google Play
very good ğŸ‘ ğŸ‘,5,2025-03-31,CBE,Google Play
great when it works,5,2025-03-31,CBE,Google Play
"the app is very good, but why screenshots is impossible?",5,2025-03-31,CBE,Google Play
excellent match application,5,2025-03-31,CBE,Google Play
The Best appğŸ˜ğŸ˜ğŸ˜,5,2025-03-31,CBE,Google Play
excellent app,5,2025-03-31,CBE,Google Play
easy to use and user friendly,5,2025-03-31,CBE,Google Play
very nice,5,2025-03-31,CBE,Google Play
áŠ áˆªá áŠá‹ á‰ á‰°áˆˆá‹­ á‹¨áŠ áˆ»áˆ« á‹°áˆ…áŠá‰± áˆ˜áˆ¨áŒ‹áŒˆáŒ¡ á‰°áˆ˜á‰½á‰¶áŠ›áˆ,3,2025-03-31,CBE,Google Play
well software,5,2025-03-31,CBE,Google Play
áŒ¥áˆ© áŠá‹ áŠ áŠ•á‹³áŠ•á‹´ áˆµá‰³áŠ­ á‰¢á‹«á‹°áˆ­áŒáˆ,4,2025-03-31,CBE,Google Play
CBE very good apps,5,2025-03-31,CBE,Google Play
"This application fast, secure and more convenient. Thanks CBE",5,2025-03-31,CBE,Google Play
excellent service,5,2025-03-31,CBE,Google Play
it's best,5,2025-03-31,CBE,Google Play
Why didn't you display cash transactions and bank statement in the mobile banking app?,4,2025-03-31,CBE,Google Play
Amazing app,5,2025-03-31,CBE,Google Play
our legitimate bank,4,2025-03-31,CBE,Google Play
Ever and never seen this kind of app I proud my CBE,5,2025-03-31,CBE,Google Play
very good and safe for me!,5,2025-03-31,CBE,Google Play
it is best bank,5,2025-03-31,CBE,Google Play
"very good, but sometimes....",4,2025-03-31,CBE,Google Play
áŠ¨áŠ áŠ•á‹µ áˆ˜áˆµáˆªá‹« á‰¤á‰µ á‹ˆá‹­áˆ á‹µáˆ­áŒ…á‰µ á‹ˆá‹­áˆ áŒáˆˆáˆ°á‰¥ á‰ áˆ­áŠ¨á‰µ áˆ‹áˆˆ áˆ°á‹ áˆ²áˆ‹áŠ­ á‹¨áˆ‹áŠªá‹áŠ• áˆ˜áˆµáˆªá‹« á‰¤á‰µ á‹ˆá‹­áˆ á‹µáˆ­áŒ…á‰µ á‹ˆá‹­áˆ áŒáˆˆáˆ°á‰¥ áŠ¥áŠ•á‹²á‹«áˆ³á‹­ áŠ á‰³á‹°áˆ­áŒ‰áˆ ? áŒáˆˆáˆ°á‰¥ áˆˆáŒáˆˆáˆ°á‰¥ á‹ˆá‹­áˆ áˆˆá‹µáˆ­áŒ…á‰µ áˆ²áŠ¨ááˆ á‹«áˆ³á‹«áˆ á¢,5,2025-03-31,CBE,Google Play
Why not allowed to pay for fuel?,4,2025-03-31,CBE,Google Play
Really! this app is more simple to use at any time in every where also it's transaction quality between the users within the transaction receipt as abank that means this app is our bank on hand in mobile frankly I proud on this bank digital. I have no word to wrote ...... but it's have weakness on poor connection.,5,2025-03-31,CBE,Google Play
á‰†áŠ•áŒ† áŠá‹,5,2025-03-31,CBE,Google Play
Great version,5,2025-03-31,CBE,Google Play
Good and easy to use,5,2025-03-31,CBE,Google Play
nice app and fast money transfer,5,2025-03-31,CBE,Google Play
Really automated...,5,2025-03-31,CBE,Google Play
good App,5,2025-03-31,CBE,Google Play
bek betam kelal,5,2025-03-31,CBE,Google Play
áˆáˆ­áŒ¥ áŠ á• áŠá‹ á‰°áˆ˜á‰½á‰¶áŠ›áˆâ¤â¤,3,2025-03-31,CBE,Google Play
Recently app keeps closing and the notification after says this app has a bug. Can you make an update please,4,2025-03-31,CBE,Google Play
"very good, keep it up",5,2025-03-31,CBE,Google Play
there is some issue the process it delay,3,2025-03-31,CBE,Google Play
what an amazing application in Ethiopian Banking industry which is very interested one!,5,2025-03-31,CBE,Google Play
interesting,3,2025-03-30,CBE,Google Play
simple&fast!!!,5,2025-03-30,CBE,Google Play
it is very good app,5,2025-03-30,CBE,Google Play
It is very excellent anddynamic plus user friend all in one bank apps of the era. I loved it.,5,2025-03-30,CBE,Google Play
Very God thanks,5,2025-03-30,CBE,Google Play
The sum is good.,3,2025-03-30,CBE,Google Play
best of bests,5,2025-03-30,CBE,Google Play
am happy thank you CBEğŸ«¡,5,2025-03-30,CBE,Google Play
it's very nice ğŸ‘.,5,2025-03-30,CBE,Google Play
"The history sometimes misses transactions, tranfer to cbe birr debited but not really transferred, We need to really cop up with the world for real. The hacks and security problems, invest on and solve them.",3,2025-03-30,CBE,Google Play
Very good,5,2025-03-30,CBE,Google Play
halan garidhaa cbe,5,2025-03-30,CBE,Google Play
best apps for useing,5,2025-03-30,CBE,Google Play
like it,5,2025-03-29,CBE,Google Play
Good apps ...But fix the screenshot its not easy like before ......,5,2025-03-29,CBE,Google Play
l love it,5,2025-03-29,CBE,Google Play
"I am not exaggerating when I say that this application is one of the biggest players in the banking industry. It has simplified a lot of things for the user, even if the bank is in his pocket. But my opinion is (1), when we transfer money, there is a word limit on the (Note) at the end. Why can't we write our reason briefly? I don't understand why it is limited. On the other hand, there is no limit on the bank. Could you explain this? (2), when we pay for water, why is the code not mentioned",5,2025-03-29,CBE,Google Play
in this update why screenshoot is disabled now it's not working,1,2025-03-28,CBE,Google Play
"realy I donot seen like this application ! fast ,safe ande confortable",5,2025-03-28,CBE,Google Play
Excellent but needed upgrading!,5,2025-03-28,CBE,Google Play
goods app!! pleace update this apps??,4,2025-03-28,CBE,Google Play
"The latest update prevents taking screenshots, which is really annoying! please allow us to take screenshots! we need it for evidence (particularly, in case of transfer failure!).",1,2025-03-27,CBE,Google Play
Fantastic app! I appreciate it very much,5,2025-03-27,CBE,Google Play
Convenient app,5,2025-03-27,CBE,Google Play
Doesn't work properly. It crashes some many times. commercial bank of Ethiopia not only the application but also sending money to own CBE birr doesn't get your money in your bank account. forcefully you must wait 3-5 days to get your money back to your account. walk up CBE the world is going to decentralized finance.,1,2025-03-26,CBE,Google Play
It crashes multiple times everytime you launch it. Fix it. Edit: crash fixed but screenshots has been disabled. I don't know who thought this was a good idea.,1,2025-03-26,CBE,Google Play
why why u remove screen shootğŸ˜¡ğŸ˜¡,2,2025-03-26,CBE,Google Play
"I fails mid transaction, No screenshot, download don't work, link shared not working bring back the old app this is usless",1,2025-03-26,CBE,Google Play
very nice one,5,2025-03-26,CBE,Google Play
good application,5,2025-03-25,CBE,Google Play
problem solver and the best fast app,5,2025-03-25,CBE,Google Play
áˆáˆ­áŒ¥ áŠ á•áˆŠáŠ¨áˆ½áŠ• áŠá‹ áŒˆáŠ•á‹˜á‰¥ áˆˆáˆ˜áˆ‹áŠ­áˆ áˆ†áŠ áˆˆáˆ›áŠ•áŠ›á‹áˆ áŠáŒˆáˆ­ á‰°áˆ˜á‰½á‰¶áŠ›áˆ á‰ á‹šá‹ á‰€áŒ¥áˆ‰á‰ á‰µ,5,2025-03-25,CBE,Google Play
Please bring back the screenshot option. The screenshot download option takes like 15 second appear in gallery and most people don't know about it.,3,2025-03-25,CBE,Google Play
you must added dark mode options â—,3,2025-03-25,CBE,Google Play
Thank you,5,2025-03-25,CBE,Google Play
cbe,5,2025-03-25,CBE,Google Play
Ù…Ù…ØªØ§Ø² Ø¬Ø¯Ø§ Ø¬Ø¯Ø§,5,2025-03-24,CBE,Google Play
very nice and convenient app,5,2025-03-24,CBE,Google Play
there are to many bugs app keeps crashi ng and the update file seems to keep getting worse,2,2025-03-24,CBE,Google Play
ğŸ‘ğŸ‘ğŸ‘,5,2025-03-24,CBE,Google Play
Great experience so far but why this app ain't working while developer mode is on?,4,2025-03-24,CBE,Google Play
why did the screen shot stopped ?????,3,2025-03-24,CBE,Google Play
it's genuine app..,5,2025-03-24,CBE,Google Play
okay ğŸ‘ŒğŸ‘,5,2025-03-24,CBE,Google Play
it's a very good application but sometimes it takes a long time to synchronize,4,2025-03-23,CBE,Google Play
commercial dank...,5,2025-03-23,CBE,Google Play
it's very good,5,2025-03-23,CBE,Google Play
to getting money,5,2025-03-23,CBE,Google Play
some times it is difficult to get reciepts for the payment made,1,2025-03-23,CBE,Google Play
this app is best,1,2025-03-23,CBE,Google Play
it's very useful,5,2025-03-23,CBE,Google Play
best app and update more features *****,5,2025-03-23,CBE,Google Play
best app for this vast digital finanical word,5,2025-03-23,CBE,Google Play
this app is my favorite application,5,2025-03-23,CBE,Google Play
Hooo I love this application,5,2025-03-22,CBE,Google Play
The app protects me from screenshot after update. Please make revision on the app.,4,2025-03-22,CBE,Google Play
Screenshot or slip not working,2,2025-03-22,CBE,Google Play
thank you for help,5,2025-03-22,CBE,Google Play
I'm sad guys what are you doing? Why did you add the screenshot restriction to the app? You just made it worse it was a great value to us. You need to rethink it. i will change the 1 star rating when you resolve the issue.,1,2025-03-22,CBE,Google Play
Thise is helpfull and have good and easy for mobile money usage in ethiopia,5,2025-03-22,CBE,Google Play
thank you,5,2025-03-22,CBE,Google Play
good app.,5,2025-03-22,CBE,Google Play
"Old version was very friendly to use. Now we can't see the #Reason The #transaction history (very limited) and now it crash every time it's opened. More over, the last update prevents us from taking #screenshots. Thanks for the developers as they are getting more stupid than ever.",1,2025-03-21,CBE,Google Play
Since last week this app has started not working. It simply log in without network but can't sync. Please fix it.,5,2025-03-21,CBE,Google Play
amazingğŸ‘ŒğŸ«¶ğŸ™,5,2025-03-21,CBE,Google Play
What an absolutely terrible update. No screenshots and you still have this stupid restriction on developer options. WHAT ABOUT THOSE OF US WHO ARE ACTUALLY DEVELOPERS!!!!!! At this point telebirr just wins the game 100%. CBE. Do. Better!,1,2025-03-21,CBE,Google Play
Wow its my in,5,2025-03-21,CBE,Google Play
In the lasted update you removed the capability to screenshot transactions.,3,2025-03-21,CBE,Google Play
how do you disable screenshots on a banking app you are very unserious people,1,2025-03-21,CBE,Google Play
no screenshot and biometrics on this version wtfk?,3,2025-03-21,CBE,Google Play
"Not Good, too lame to use",1,2025-03-21,CBE,Google Play
áˆ¨á‹˜áˆ áˆ‹áˆˆ áŒá‹œ áŠ¥á‹¨á‰°áŒ á‰€áˆáŠ©á‰µ áŠá‹ á‹­áˆ…áŠ• áˆ˜á‰°áŒá‰ áˆªá‹« áŒ¥áˆ© áŠá‹ áŠáŒˆáˆ­ áŒáŠ• áŠ áŠ•á‹³áŠ•á‹µ á‰½áŒáˆ®á‰½ áŠ áˆ‰á‰ á‰µ 1áŠ› á‹¨áŠ¨áˆáˆáŠ©á‰ á‰µáŠ• á‹°áˆ¨áˆ°áŠ á‰ áŒá‹œá‹ áŠ¨áˆá‹ˆáˆ°á‹µáŠ© áŠ¨áˆ°áˆ‹áˆ³ á‰µáˆ«áŠ•á‹›áŠ­áˆ½áŠ• á‰ áŠ…áˆ‹ áˆ˜áˆáˆ¼ áŠ¨á‹šáˆ… á‰ áŠá‰µ á‹¨á‰°áŒˆá‰ á‹«á‹¨á‹á‰ á‰µáŠ• áˆ›áŒáŠ˜á‰µ áŠ áˆá‰½áˆáˆ áˆáŠ­ áŠ¥áŠ•á‹° áˆŒáˆá‰½ á‰£áŠ•áŠ®á‰½ áˆáˆ³áˆŒ (áŠ á‰¢áˆ²áŠ’á‹« áŠ á‹‹áˆ½..) áˆŒáˆ‹á‹ á‰¥áˆ­ áˆˆáˆ˜áˆ‹áŠ­ áŠ áˆµá‰¤ áŠ¥áˆáŠ«áˆˆá‹ áŒáŠ• áŠ áŠ«á‹áŠ•á‰´ áˆ‹á‹­ áˆˆá‰°á‹ˆáˆ°áŠ á‹°á‰‚á‰ƒ áŠ¨áŠ áŠ«á‹áŠ•á‰µ áˆ°á‹­á‰€áŠ•áˆµ á‹­á‰†á‹­áŠ“ á‹«áˆáŒˆá‰£ áˆ˜áˆµáˆáŠ á‹µáŒ‹áˆœ áŠ¥áˆáŠ«áˆˆá‹ áˆáˆˆá‰µ áŒá‹œ áˆ°á‹ áŒ‹ á‹­áŒˆá‰£áŠ“ áˆŒáˆ‹ á‰½áŒáˆ­ á‹áˆµáŒ¥ áˆ˜áŒá‰£á‰µ á‹­áˆ…áŠ›á‹ á‰ áŒ£áˆ á‰µáŠ©áˆ¨á‰µ áˆŠáˆ°áŒ á‹ á‹¨áˆšáŒˆá‰£ áŒ‰á‹³á‹­ áŠá‹ áˆŒáˆá‰½áŠ•áˆ áˆµáˆ…á‰°á‰¶á‰½áŠ• áˆ›áŠ•áˆ³á‰µ á‹­á‰»áˆ‹áˆ á‹‹áŠ“á‹áŠ• áˆ‹áŠ•áˆ³ á‰¥á‹¬ áŠá‹ áŠ¥áŠ•áŒ‚ developeráˆ®á‰½ á‰ áˆ­á‰± á‰ á‹¨ áŒá‹œá‹ á‹¨áˆšáˆ°áŒ£á‰½áˆáŠ• feedback á‰°á‰€á‰ áˆ‰ áŠ áˆ»áˆ½áˆ‰á‰µ,3,2025-03-20,CBE,Google Play
CBE app is great,5,2025-03-20,CBE,Google Play
zaku,5,2025-03-20,CBE,Google Play
its good and saving time,5,2025-03-20,CBE,Google Play
"this new update(Mar 19,2025) is great in fixing bugs, stability and smooth experience I'll give u that but it came with a big shortcoming which is not allowing to take screenshot. I can't screenshot neither my balance nor the transaction or anything within the app, i understand it's for security reasons but please bring that back, allow us to take screenshot we need that. Thanks.",4,2025-03-20,CBE,Google Play
"what went wrong, I couldn't take a screenshot.",3,2025-03-20,CBE,Google Play
full,5,2025-03-20,CBE,Google Play
App is crushing recently. Please update.,4,2025-03-20,CBE,Google Play
It is good but why screenshot is forbidden,4,2025-03-20,CBE,Google Play
Taking away the screenshot of the receipt is just silly. Worse is tbe download button putting a copy of the screenshot - which you prevented to be taken - in tbe downloads folder where we cant attach directly from Whatsapp. Millions of people use the screenshot as proof of payment / transfer yet you make that harder for everyone? I have every user contacts the developer or manager who made this awful decision.,1,2025-03-20,CBE,Google Play
very good app,5,2025-03-20,CBE,Google Play
New update version 5.0.9 keeps crashing it needs maintenance,3,2025-03-19,CBE,Google Play
the update is unneeded,1,2025-03-19,CBE,Google Play
Reliable bank,5,2025-03-19,CBE,Google Play
as if the update of march 19 i can't take a screenshot in the app. i can just save it as file and that is so annoying. i used to save all screenshot in my gallery in one folder now with the extra steps added i have to save the file go to file and then screenshot it. the solution is to allow the screenshot to be save in to gallery automatically. i wish you give this review attention and resolve the issue shortly.,2,2025-03-19,CBE,Google Play
it is good app but when I make inter bank transaction It can't display The receiver account number and name of receiver and also receiver bank,4,2025-03-19,CBE,Google Play
áŒ¥áˆ©áŠá‹‰á¢,5,2025-03-19,CBE,Google Play
It was nice but now it dose not opened the transactions,5,2025-03-18,CBE,Google Play
áŠ§áˆ¨ á‹áˆ¨á‹µ,5,2025-03-18,CBE,Google Play
simple to use,5,2025-03-17,CBE,Google Play
The apps is good to use,5,2025-03-17,CBE,Google Play
It's best app but Please add(included) payment of water bill,4,2025-03-17,CBE,Google Play
the app has a bug and it keeps crashing ğŸ˜‘ please provide an update and fix the issue thank you....,3,2025-03-17,CBE,Google Play
This is my favorite App,5,2025-03-17,CBE,Google Play
CBE i like,5,2025-03-16,CBE,Google Play
1.we can't get mobile Token on CBE App or any other online. This is need to improve 2.internet banking is always say authenticate error after some weeks this is need to improve.,4,2025-03-16,CBE,Google Play
excellent app for account transaction specially for bussiness customers and a good method to pay bills and different personal payment.,5,2025-03-15,CBE,Google Play
á‹¨áˆšáŒˆáˆ­áˆ áŠ á• á‰°áˆ˜á‰½á‰¶áŠ›áˆ ğŸ™â¤,5,2025-03-14,CBE,Google Play
Wow,5,2025-03-14,CBE,Google Play
"The app has brought a new problem. When i open the app, it closes itself then i have to open it again. Please fix this issue if it's your problem",3,2025-03-14,CBE,Google Play
á‰ áŒ£áˆ áŒ¥áˆ© áŠ á•áˆáŠ¬áˆ½áŠ• áŠá‹,2,2025-03-14,CBE,Google Play
"In my view, I can't give any conclusion because it's the starting of an online banking in my country. However, the commercial bank of ethiopia must rebuild this app and also need to make more access to changing the system. Keep continuing ethiopia ğŸ‡ªğŸ‡¹ ğŸ‡ªğŸ‡¹ğŸ‡ªğŸ‡¹ğŸ‡ªğŸ‡¹",5,2025-03-14,CBE,Google Play
Very attractive and user-friendly,5,2025-03-13,CBE,Google Play
Good apps,5,2025-03-13,CBE,Google Play
My special app and my proud bank of Ethiopia.,5,2025-03-13,CBE,Google Play
The app need update it always crash,1,2025-03-13,CBE,Google Play
It is very comfortable and simple to use!!! But whay standing order is not work?,5,2025-03-13,CBE,Google Play
"One of the best apps I have used ,",5,2025-03-13,CBE,Google Play
Asela,1,2025-03-13,CBE,Google Play
I am appreciate this app,5,2025-03-13,CBE,Google Play
Excellent app,5,2025-03-12,CBE,Google Play
á‰ áŒ áˆáŒ¡áˆ©,5,2025-06-04,CBE,Google Play
áŠ¨áˆ áˆ›á‹­á‹¨áˆšá‹ˆáˆ­á‹°á‹áŠ•á‹•áˆá‹µáˆ­á‹­á‰½áˆˆá‹‹áˆ,5,2025-06-04,CBE,Google Play
á‹‹á‹,5,2025-05-21,CBE,Google Play
it makes trading easier keep it up,5,2025-04-13,CBE,Google Play
betam konjo,5,2025-03-21,CBE,Google Play
áŠ áˆªá‹,5,2025-01-30,CBE,Google Play
áˆáˆ­áŒ¥ áŠá‹‰ áŠ áˆáŠ•áˆ áŠ¥áŠ•á‹²áˆ»áˆ»áˆ áˆ˜áˆµáˆ«á‰µ á‹«áˆµáˆáˆáŒ‹áˆ,1,2025-01-29,CBE,Google Play
Good ap,5,2025-01-11,CBE,Google Play
á‰€áˆˆáˆ‹áˆá£áˆá‰¹áŠ“ áˆáˆ‰áŠ•áˆ áŠ áŒˆáˆáŒˆáˆá‰µ á‰£áŠ•á‹µ áˆ‹á‹­ á‹¨á‹«á‹˜,5,2025-01-01,CBE,Google Play
5ok,5,2024-12-30,CBE,Google Play
áˆ¹áŒáˆ­ á‹°áˆ¨áŒƒ,5,2024-11-18,CBE,Google Play
áŠ áˆµá‰°áˆ›áˆ›áŠ áŠ¥áŠ“ á‰€áˆáŒ£á‹ áŠá‹‰ á‰¢áˆ»áˆ»áˆ áˆáˆˆá‹‰ áŠ¥áˆµá‰´á‰µ áˆ˜áŠ•á‰µ á‰ áˆµáˆáŠ­ á‰¢á‹«áŠ•áˆµáˆˆá‹ˆáˆ«á‰¶á‰½ á‰ á‰€áˆ‹áˆ‰ áŠ¥áŠ•á‹²áŒˆáŠ á‰¢á‹°áˆ¨áŒ áŠ¥áˆ‹áˆˆáˆ,5,2024-10-05,CBE,Google Play
á‰ áŒ£áˆ áŠ áˆªá áŠá‹,5,2024-08-27,CBE,Google Play
á‰ áŒ£áˆáŒ¥áˆ© áˆ˜á‰°áŒá‰ áˆ­á‹« áŠá‹,5,2024-08-19,CBE,Google Play
á‹‹á‹‰ áˆáŒ£áŠ• áˆá‰¹ 100%,5,2024-08-13,CBE,Google Play
"It is very usefully app that contains the very important contents in it &Hence, the devellopers should be thanked enough!",5,2024-08-07,CBE,Google Play
GOOD,5,2024-08-06,CBE,Google Play
áˆá‰£á‹­áˆ á‰£áŠ•áŠªáŠ•áŒ áˆˆáˆ˜áŠ­áˆá‰µ áŠ áˆá‰»áˆáŠ©á‰ á‰µáˆ,5,2024-07-26,CBE,Google Play
á‰ áŒ£áˆ áŒ¥áˆ© áŠá‹,5,2024-06-30,CBE,Google Play
á‰€áˆ‹áˆ áŠ áŒ á‰ƒá‰€áˆ á‰ áŒ£áˆ á‹°áˆµ á‹¨áˆšáˆ áŠ á•,5,2024-06-27,CBE,Google Play
Taks for negd bank,5,2024-05-03,CBE,Google Play
á‰ áŒ£áˆ áŒ¥áˆ© áŠá‹ áŠ¨á‹šáˆ…áˆ á‰ áˆ‹á‹­ á‰ á‹°áˆá‰¥ áŠ¥á‹µá‰³áˆ»áˆ½áˆ‰á‰µ áŠ¥áŒ á‰¥á‰ƒáˆˆá‹á¢ğŸ‘ğŸ‘ğŸ‘,5,2024-04-21,CBE,Google Play
áŠ áˆªá,5,2024-04-18,CBE,Google Play
Interested application,5,2024-03-26,CBE,Google Play
its good,5,2024-03-10,CBE,Google Play
Very God,5,2024-02-25,CBE,Google Play
Ok Wow,5,2024-02-21,CBE,Google Play
á‰ áŒ£áˆ áŒáˆ©áˆ áŠá‹á¢,5,2024-02-13,CBE,Google Play
Wow good,5,2024-02-11,CBE,Google Play
áˆ½áˆáˆ˜á‰± áŠ áˆá‹³áˆ¨áˆ°áŠáˆ,5,2024-01-14,CBE,Google Play
G000d application,5,2023-12-07,CBE,Google Play
áŒ¥áˆ© áŠá‹ á‰€áŒ¥áˆ‰á‰ á‰µ,5,2023-09-01,CBE,Google Play
Waaw áŠá‹,4,2023-06-22,CBE,Google Play
áŠ áˆªá áŠá‹ á‰ áŒ£áˆ,2,2023-05-18,CBE,Google Play
Honest,5,2023-04-06,CBE,Google Play
á‰ áŒ£áˆ áŒ¥áˆ© áˆ˜á‰°áŒá‰ áˆªá‹« áŠá‹,5,2022-06-02,CBE,Google Play
Good banke app,5,2022-06-01,CBE,Google Play
á‰ áŒ£áˆ áŠ áˆªá áŠá‹,4,2021-10-19,CBE,Google Play
á‰†áŒ† áŠá‹,5,2021-10-18,CBE,Google Play
á‰ áŒ£áˆ áŠ áˆªá á‰´áŠ­áŠ–áˆáŒ‚ áŠá‹,5,2021-10-11,CBE,Google Play
it's good app so i am happy!!!,5,2021-08-15,CBE,Google Play
áŠ áˆµáˆáˆ‹áŒŠ á‹¨áˆ†áŠ,5,2021-05-19,CBE,Google Play
á‹¨gooleá¡á‹°áŠ•á‰ áŠáŠ›á¡áˆˆáˆ›áˆ†áŠ•á¡áŠ¥áˆáˆáŒ‹áˆˆáˆá¢,2,2021-02-14,CBE,Google Play
Exellent,5,2020-10-17,CBE,Google Play
á‹¨áˆ›áˆáŠá‹ áŠá‹,5,2020-09-09,CBE,Google Play
it is not functional for all android phone like mine ...techno cammon c9 So i can't instal or can not recieve from my freinds So think over it,1,2020-08-08,CBE,Google Play
