review,rating,date,bank,source,vader_sentiment,bert_sentiment,clean_review,identified_theme
really am happy to this app it is Siple to use everything,5,2025-06-07,CBE,Google Play,positive,POSITIVE,happy app Siple use,['Other']
I liked this app. But the User interface is very basic and not attractive at all.,2,2025-06-07,CBE,Google Play,negative,NEGATIVE,like app . User interface basic attractive .,['Other']
"""Why donâ€™t your ATMs support account-to-account transfers like other countries( Kenya, Nigeria , South africa)""",4,2025-06-06,CBE,Google Play,positive,NEGATIVE,""" atm support account - - account transfer like country ( Kenya , Nigeria , South africa ) ""","['Transaction Performance', 'Customer Support']"
what is this app problem???,1,2025-06-05,CBE,Google Play,negative,NEGATIVE,app problem ? ? ?,['Other']
the app is proactive and a good connections.,5,2025-06-05,CBE,Google Play,positive,POSITIVE,app proactive good connection .,['Other']
I cannot send to cbebirr app. through this app.,3,2025-06-05,CBE,Google Play,neutral,NEGATIVE,send cbebirr app . app .,['Other']
good,4,2025-06-05,CBE,Google Play,positive,POSITIVE,good,['Other']
not functional,1,2025-06-05,CBE,Google Play,neutral,NEGATIVE,functional,['Other']
"everytime you uninstall the app you have to reach them out physically. very oldy! if that's one of security layer, they'd check for fraud attempt via app source directly(source:- app store, play store ... etc) implicitly ! we are in 2025, physical presence for every app install is traditional(traditionally very rare).",1,2025-06-04,CBE,Google Play,positive,NEGATIVE,"everytime uninstall app reach physically . oldy ! security layer , check fraud attempt app source directly(source:- app store , play store ... etc ) implicitly ! 2025 , physical presence app install traditional(traditionally rare ) .",['Other']
áŠ áŠ«á‹áŠ•á‰µ á‹¨áˆáŠ“áˆµáŒˆá‰£á‰ á‰µ á‰¦á‰³ áˆµáˆ áŒ½áˆáŠ• áŠá‹ áŠ¨á‹šáˆ… á‰ áŠá‰µ á‹¨áˆ‹áŠ­áŠ•á‰£á‰¸á‹áŠ• áŠ áŠ«á‹‰áŠ•á‰¶á‰½ á‹¨áˆáŠ•áˆáˆáŒˆá‹‰ áŠáŒˆáˆ­ áŒáŠ• áŠ á‹²áˆµ áŠ áŠ«á‹áŠ•á‰¶á‰½ mr á‰¥áˆˆá‹‰ á‹¨áˆšáŒ€áˆáˆ© á‰ á‹á‰°á‹‹áˆ áŒáŠ• áŠ á•áˆáŠ¬áˆ½áŠ‘ space áˆµáŠ•áŒ½á áŠ á‹­á‰€á‰ áˆáˆ á‰¢áˆµá‰°áŠ«áŠ¨áˆ,4,2025-06-04,CBE,Google Play,neutral,NEGATIVE,áŠ áŠ«á‹áŠ•á‰µ á‹¨áˆáŠ“áˆµáŒˆá‰£á‰ á‰µ á‰¦á‰³ áˆµáˆ áŒ½áˆáŠ• áŠá‹ áŠ¨á‹šáˆ… á‰ áŠá‰µ á‹¨áˆ‹áŠ­áŠ•á‰£á‰¸á‹áŠ• áŠ áŠ«á‹‰áŠ•á‰¶á‰½ á‹¨áˆáŠ•áˆáˆáŒˆá‹‰ áŠáŒˆáˆ­ áŒáŠ• áŠ á‹²áˆµ áŠ áŠ«á‹áŠ•á‰¶á‰½ mr á‰¥áˆˆá‹‰ á‹¨áˆšáŒ€áˆáˆ© á‰ á‹á‰°á‹‹áˆ áŒáŠ• áŠ á•áˆáŠ¬áˆ½áŠ‘ space áˆµáŠ•áŒ½á áŠ á‹­á‰€á‰ áˆáˆ á‰¢áˆµá‰°áŠ«áŠ¨áˆ,['Other']
best,5,2025-06-04,CBE,Google Play,positive,POSITIVE,well,['Other']
bezabih,5,2025-06-04,CBE,Google Play,neutral,POSITIVE,bezabih,['Other']
Best Mobile Banking app ever,5,2025-06-04,CBE,Google Play,positive,POSITIVE,Best Mobile Banking app,['Other']
it was good app but it have some issues like it doesnt give me the right amount that I have in the bank and have some issues in transferring,2,2025-06-04,CBE,Google Play,positive,NEGATIVE,good app issue like not right bank issue transfer,['Transaction Performance']
Good,5,2025-06-04,CBE,Google Play,positive,POSITIVE,good,['Other']
ğŸ‘ŒğŸ‘,5,2025-06-04,CBE,Google Play,positive,NEGATIVE,ğŸ‘Œ ğŸ‘,['Other']
very niec,5,2025-06-04,CBE,Google Play,neutral,POSITIVE,niec,['Other']
best app of finance,5,2025-06-04,CBE,Google Play,positive,POSITIVE,good app finance,['Other']
yetemeta,1,2025-06-03,CBE,Google Play,neutral,POSITIVE,yetemeta,['Other']
Engida Kebede Fetera,5,2025-06-03,CBE,Google Play,neutral,NEGATIVE,Engida Kebede Fetera,['Other']
it is not safety,1,2025-06-03,CBE,Google Play,negative,NEGATIVE,safety,['Other']
NICE bank,5,2025-06-03,CBE,Google Play,positive,POSITIVE,NICE bank,['Other']
it is like a childish app make it better the worst I have ever seen,1,2025-06-02,CBE,Google Play,negative,NEGATIVE,like childish app well bad see,['Other']
"It's a problem solver application, go ahead CBE, I love so much.",5,2025-06-02,CBE,Google Play,positive,POSITIVE,"problem solver application , ahead CBE , love .",['Other']
It's good but try to make it facilitate for your client,4,2025-06-02,CBE,Google Play,positive,POSITIVE,good try facilitate client,['Other']
best app,5,2025-06-01,CBE,Google Play,positive,POSITIVE,good app,['Other']
Awesome bank,5,2025-06-01,CBE,Google Play,positive,POSITIVE,Awesome bank,['Other']
this app has developed in a very good ways but there are some comments I need to make 1- preventing the screenshot likely not good for someone like me coz I need to make screenshot for quicker evidence. 2-it would be good if you make us to access recent transaction histories for 30 days coz we don't have to go to the Bank's in person to see old transactions or add colander category so user can easily access old transactions through colanders.,5,2025-05-31,CBE,Google Play,positive,NEGATIVE,app develop good way comment need 1- prevent screenshot likely good like coz need screenshot quick evidence . 2 - good access recent transaction history 30 day coz Bank person old transaction add colander category user easily access old transaction colander .,['Account Access Issues']
Masha alla,5,2025-05-31,CBE,Google Play,neutral,NEGATIVE,Masha alla,['Other']
"Recently there is big problem when sending to safaricom, telebir, and even to cbebirr wallet could anybody who is responsible fix it, it's very frustrating it's been 5 days and my money hasn't been returned it takes it out of my account but doesn't send it to my mpesa update- they have just corrected it and sent me back the money but still I'm afraid now to send again",2,2025-05-31,CBE,Google Play,negative,NEGATIVE,"recently big problem send safaricom , telebir , cbebirr wallet anybody responsible fix , frustrating 5 day money return take account send mpesa update- correct send money afraid send",['Other']
better service,5,2025-05-31,CBE,Google Play,positive,POSITIVE,well service,['Customer Support']
"it,s good app and time manager ğŸ‘",5,2025-05-30,CBE,Google Play,positive,POSITIVE,", s good app time manager ğŸ‘",['Other']
malkaamuu Jiidhaa Namoo,5,2025-05-30,CBE,Google Play,neutral,NEGATIVE,malkaamuu Jiidhaa Namoo,['Other']
lower system everything,3,2025-05-30,CBE,Google Play,negative,NEGATIVE,low system,['Other']
Nice!,5,2025-05-30,CBE,Google Play,positive,POSITIVE,nice !,['Other']
Keep it up My CBE,5,2025-05-29,CBE,Google Play,neutral,POSITIVE,CBE,['Other']
yes good,5,2025-05-28,CBE,Google Play,positive,POSITIVE,yes good,['Other']
"I was using this app for the last two years with no problems. It stopped working about 3 months ago. when I tried to transfer funds it gives me error ""can't do this transaction. inactive account.""",4,2025-05-27,CBE,Google Play,negative,NEGATIVE,"app year problem . stop work 3 month ago . try transfer fund give error "" transaction . inactive account . ""","['Account Access Issues', 'Transaction Performance']"
i like everything of this app,5,2025-05-27,CBE,Google Play,positive,POSITIVE,like app,['Other']
ğŸ¤¬ğŸ¤¬ğŸ¤¬ğŸ¤¬ network ğŸ›œ,1,2025-05-26,CBE,Google Play,neutral,NEGATIVE,ğŸ¤¬ ğŸ¤¬ ğŸ¤¬ ğŸ¤¬ network ğŸ›œ,['Other']
Best,5,2025-05-26,CBE,Google Play,positive,POSITIVE,well,['Other']
CBE is the best financial application and and very dimple to use. I would like to say thank you so much for the developer of application. I really appreciate this app.,5,2025-05-26,CBE,Google Play,positive,POSITIVE,CBE good financial application dimple use . like thank developer application . appreciate app .,['Other']
nice,5,2025-05-26,CBE,Google Play,positive,POSITIVE,nice,['Other']
good job,5,2025-05-26,CBE,Google Play,positive,POSITIVE,good job,['Other']
it's awesome!!,5,2025-05-25,CBE,Google Play,positive,POSITIVE,awesome ! !,['Other']
thankyou every one,5,2025-05-25,CBE,Google Play,neutral,POSITIVE,thankyou,['Other']
Ronaldo ğŸ‡µğŸ‡¹ ğŸ¥‡,5,2025-05-25,CBE,Google Play,positive,POSITIVE,Ronaldo ğŸ‡µ ğŸ‡¹ ğŸ¥‡,['Other']
"this app is absolutely fantastic I love it and I enjoying to it ,let us support this foundation together .",5,2025-05-25,CBE,Google Play,positive,POSITIVE,"app absolutely fantastic love enjoy , let support foundation .",['Customer Support']
"The CBE app has been highly unreliable in recent weeks. It frequently fails to work properly on both Ethio Telecom and Safaricom networks, whether using Wi-Fi or mobile data. This week, the system was down entirely for extended periods, making it very difficult to access banking services. The app only functions intermittently, and the lack of consistency is frustrating. I hope the issues are addressed soon, and that any non-technical influences are removed from such essential services.",2,2025-05-25,CBE,Google Play,negative,NEGATIVE,"CBE app highly unreliable recent week . frequently fail work properly Ethio Telecom Safaricom network , Wi - Fi mobile datum . week , system entirely extended period , make difficult access banking service . app function intermittently , lack consistency frustrating . hope issue address soon , non - technical influence remove essential service .","['Account Access Issues', 'Customer Support']"
mortuary app,5,2025-05-25,CBE,Google Play,neutral,NEGATIVE,mortuary app,['Other']
it is smart app but it has stoped after some period of time on my device with out any reason .,5,2025-05-25,CBE,Google Play,positive,NEGATIVE,smart app stop period time device reason .,['Other']
amazing app I am used this app for one year,4,2025-05-24,CBE,Google Play,positive,POSITIVE,amazing app app year,['Other']
ğŸ‘,5,2025-05-24,CBE,Google Play,neutral,NEGATIVE,ğŸ‘,['Other']
good app,5,2025-05-24,CBE,Google Play,positive,POSITIVE,good app,['Other']
i love it ğŸ˜ğŸ˜˜,5,2025-05-24,CBE,Google Play,positive,POSITIVE,love ğŸ˜ ğŸ˜˜,['Other']
It makes life easy!ğŸ‘Œ,5,2025-05-24,CBE,Google Play,positive,POSITIVE,make life easy ! ğŸ‘Œ,['User Interface & Experience']
its not fast,1,2025-05-24,CBE,Google Play,neutral,NEGATIVE,fast,['Other']
wow,4,2025-05-24,CBE,Google Play,positive,POSITIVE,wow,['Other']
it is sooo good,5,2025-05-24,CBE,Google Play,positive,POSITIVE,sooo good,['Other']
excellent,5,2025-05-24,CBE,Google Play,positive,POSITIVE,excellent,['Other']
ok,1,2025-05-24,CBE,Google Play,positive,POSITIVE,ok,['Other']
Fantastic,5,2025-05-23,CBE,Google Play,positive,POSITIVE,fantastic,['Other']
accessible to using,5,2025-05-23,CBE,Google Play,neutral,POSITIVE,accessible,['Account Access Issues']
I like it,4,2025-05-23,CBE,Google Play,positive,POSITIVE,like,['Other']
why you change default network?,5,2025-05-23,CBE,Google Play,neutral,NEGATIVE,change default network ?,['Other']
very nice ğŸ‘,5,2025-05-23,CBE,Google Play,positive,POSITIVE,nice ğŸ‘,['Other']
nice fast app,5,2025-05-23,CBE,Google Play,positive,POSITIVE,nice fast app,['Other']
how to I get my money,5,2025-05-23,CBE,Google Play,neutral,NEGATIVE,money,['Other']
"Very bad, can't even load they need to improve their services.",1,2025-05-22,CBE,Google Play,negative,NEGATIVE,"bad , load need improve service .",['Customer Support']
"Very good app, but please make it reliable . it crashes sometimes .",4,2025-05-22,CBE,Google Play,positive,POSITIVE,"good app , reliable . crash .",['Other']
very busy I don't know why... I prefer 889,3,2025-05-22,CBE,Google Play,neutral,NEGATIVE,busy know ... prefer 889,['Other']
"Sometimes it has a nasty lag for several hour fix that , the rest is ğŸ‘Œ",4,2025-05-22,CBE,Google Play,neutral,NEGATIVE,"nasty lag hour fix , rest ğŸ‘Œ",['Other']
the most boring Mobil banking application in ethiopia.Please use alternative private banks mobile banking apps,1,2025-05-22,CBE,Google Play,negative,NEGATIVE,boring Mobil banking application ethiopia . use alternative private bank mobile banking app,['Other']
hojii bonsaadha,5,2025-05-22,CBE,Google Play,neutral,POSITIVE,hojii bonsaadha,['Other']
user-friendly apps.because this app is easy.,5,2025-05-22,CBE,Google Play,positive,POSITIVE,user - friendly apps.because app easy .,['User Interface & Experience']
Awosome!!!,5,2025-05-22,CBE,Google Play,neutral,POSITIVE,awosome ! ! !,['Other']
"Very good app,",5,2025-05-22,CBE,Google Play,positive,POSITIVE,"good app ,",['Other']
sync problem may 22 2025 but the date stack on may 8 2025 help pls,5,2025-05-22,CBE,Google Play,positive,NEGATIVE,sync problem 22 2025 date stack 8 2025 help pls,['Customer Support']
á‹­áˆ… áˆ˜á‰°áŒá‰ áˆªá‹« á‰ áŒ£áˆ áŒ¥áˆ© áŠá‹. this app is very nice,5,2025-05-22,CBE,Google Play,positive,POSITIVE,á‹­áˆ… áˆ˜á‰°áŒá‰ áˆªá‹« á‰ áŒ£áˆ áŒ¥áˆ© áŠá‹ . app nice,['Other']
I hate this app ğŸ˜’,1,2025-05-22,CBE,Google Play,negative,NEGATIVE,hate app ğŸ˜’,['Other']
trustful,5,2025-05-22,CBE,Google Play,positive,POSITIVE,trustful,['Other']
I like,5,2025-05-22,CBE,Google Play,positive,POSITIVE,like,['Other']
update issue,4,2025-05-22,CBE,Google Play,neutral,POSITIVE,update issue,['Other']
its not working over safari network,1,2025-05-22,CBE,Google Play,neutral,NEGATIVE,work safari network,['Other']
oldie,1,2025-05-22,CBE,Google Play,neutral,NEGATIVE,oldie,['Other']
it doesn't work,1,2025-05-21,CBE,Google Play,neutral,NEGATIVE,work,['Other']
"This app is good, and we are using it well",1,2025-05-21,CBE,Google Play,positive,POSITIVE,"app good ,",['Other']
very nice ğŸ‘Œ app for android phone,5,2025-05-21,CBE,Google Play,positive,POSITIVE,nice ğŸ‘Œ app android phone,['Other']
Yes Yes,5,2025-05-21,CBE,Google Play,positive,POSITIVE,yes yes,['Other']
á‰ áŒ£áˆ áŠ¨áˆ­á‹á‹,1,2025-05-21,CBE,Google Play,neutral,NEGATIVE,á‰ áŒ£áˆ áŠ¨áˆ­á‹á‹,['Other']
easy to use helpful in my life,5,2025-05-21,CBE,Google Play,positive,POSITIVE,easy use helpful life,"['User Interface & Experience', 'Customer Support']"
good ğŸ‘,4,2025-05-21,CBE,Google Play,positive,POSITIVE,good ğŸ‘,['Other']
the best mobile banking app,5,2025-05-21,CBE,Google Play,positive,POSITIVE,good mobile banking app,['Other']
"this app is very useful app,it saves time,and it is secure",4,2025-05-21,CBE,Google Play,positive,POSITIVE,"app useful app , save time , secure",['Other']
it's a good application ğŸ‘,5,2025-05-21,CBE,Google Play,positive,POSITIVE,good application ğŸ‘,['Other']
the screenshot and the reffresh options are so annoying that makes transaction so delaying activity !,2,2025-05-21,CBE,Google Play,negative,NEGATIVE,screenshot reffresh option annoying make transaction delay activity !,['Transaction Performance']
poor service,1,2025-05-21,CBE,Google Play,negative,NEGATIVE,poor service,['Customer Support']
amazing,5,2025-05-20,CBE,Google Play,positive,POSITIVE,amazing,['Other']
it is reliable and easy to use.,5,2025-05-20,CBE,Google Play,positive,POSITIVE,reliable easy use .,['User Interface & Experience']
the most annoying mobile banking app I've ever seen,1,2025-05-20,CBE,Google Play,negative,NEGATIVE,annoying mobile banking app see,['Other']
Cbe mobile banking,5,2025-05-20,CBE,Google Play,neutral,POSITIVE,Cbe mobile banking,['Other']
"i can't make Screenshout in this app, please made modification",5,2025-05-20,CBE,Google Play,positive,NEGATIVE,"Screenshout app , modification",['Other']
Best app I loved it,5,2025-05-19,CBE,Google Play,positive,POSITIVE,good app love,['Other']
nice app,5,2025-05-19,CBE,Google Play,positive,POSITIVE,nice app,['Other']
Amazing applicatiom sometimes doesnt work!,5,2025-05-18,CBE,Google Play,positive,NEGATIVE,amazing applicatiom not work !,['Other']
well satisfied with this beautiful app,5,2025-05-18,CBE,Google Play,positive,POSITIVE,satisfied beautiful app,['Other']
very good,4,2025-05-17,CBE,Google Play,positive,POSITIVE,good,['Other']
best app.,5,2025-05-17,CBE,Google Play,positive,POSITIVE,good app .,['Other']
"not working,why???",5,2025-05-17,CBE,Google Play,neutral,NEGATIVE,"work , ? ? ?",['Other']
Great impact but why Developer option turnoff if you fix ğŸ™ ğŸ™ ğŸ™,5,2025-05-17,CBE,Google Play,positive,NEGATIVE,great impact developer option turnoff fix ğŸ™ ğŸ™ ğŸ™,['Other']
always disappointing ! especially the iOS one !! some similar local applications are extremely superior to this application!! Really disappointing!,1,2025-05-17,CBE,Google Play,negative,NEGATIVE,disappointing ! especially ios ! ! similar local application extremely superior application ! ! disappointing !,['Other']
woxe harimo ribiso,5,2025-05-17,CBE,Google Play,neutral,NEGATIVE,woxe harimo ribiso,['Other']
"Good ,easy to use",5,2025-05-16,CBE,Google Play,positive,POSITIVE,"good , easy use",['User Interface & Experience']
Good app,5,2025-05-15,CBE,Google Play,positive,POSITIVE,good app,['Other']
Good jobğŸ‘,5,2025-05-14,CBE,Google Play,positive,POSITIVE,good job ğŸ‘,['Other']
"Please kindly ask to update the app and allow us to screenshot, it's convenient and efficient as long as you add security to the access there is no reason to block us from screenshooting our screen.",2,2025-05-14,CBE,Google Play,positive,POSITIVE,"kindly ask update app allow screenshot , convenient efficient long add security access reason block screenshoote screen .",['Account Access Issues']
I have using the CBE mobile banking app. and overall i appreciate its Feuteres However i.ve Notticed that when i turn on the Developer options on my divice the App.Stop Functioning prorerly It.Would Be Great If You could look into This issue as l often need to access Developer setting for Otter Application ThankYou For Your attention to This Matter,4,2025-05-13,CBE,Google Play,positive,NEGATIVE,CBE mobile banking app . overall appreciate feutere i.ve nottice turn Developer option divice App . stop function prorerly . great look issue l need access developer setting Otter Application ThankYou attention Matter,['Account Access Issues']
customer service is bad nothing is good about this bank,1,2025-05-13,CBE,Google Play,negative,NEGATIVE,customer service bad good bank,['Customer Support']
It is Amazing Mobile Banking App....But why the screenshot of the receipt doesnt work,5,2025-05-13,CBE,Google Play,positive,NEGATIVE,Amazing Mobile Banking App .... screenshot receipt not work,['Other']
fast and simple easy to use ğŸ‘Œ,5,2025-05-12,CBE,Google Play,positive,POSITIVE,fast simple easy use ğŸ‘Œ,['User Interface & Experience']
The fastest transferring app I ever had its so reliable,5,2025-05-11,CBE,Google Play,neutral,POSITIVE,fast transferring app reliable,['Transaction Performance']
"Funds transferred from the same bank do not reflect in the account, even though a confirmation text message was received.",3,2025-05-11,CBE,Google Play,neutral,NEGATIVE,"fund transfer bank reflect account , confirmation text message receive .",['Transaction Performance']
it's easy and fast,5,2025-05-10,CBE,Google Play,positive,POSITIVE,easy fast,['User Interface & Experience']
This app don't have self activation only you have to look near cbe branch that's disgusting,1,2025-05-10,CBE,Google Play,negative,NEGATIVE,app self activation look near cbe branch disgusting,['Other']
hello dearest CBE office personnel make some benefits for those using interest free accounts thanks for your help,5,2025-05-09,CBE,Google Play,positive,POSITIVE,hello dear CBE office personnel benefit interest free account thank help,['Customer Support']
wow best application ever,5,2025-05-09,CBE,Google Play,positive,POSITIVE,wow good application,['Other']
"Am sorry but what does developer mode do to the application ? hack it ? are you sure you are developer or are you stupid, doesnt makes sense,",1,2025-05-08,CBE,Google Play,negative,NEGATIVE,"sorry developer mode application ? hack ? sure developer stupid , not make sense ,",['Other']
the pride of Ethiopian bank ğŸ¦,5,2025-05-08,CBE,Google Play,positive,POSITIVE,pride ethiopian bank ğŸ¦,['Other']
why the app telling me to turn of developer options please fix it.,1,2025-05-07,CBE,Google Play,positive,NEGATIVE,app tell turn developer option fix .,['Other']
i am very happy . i have small prob. after i transfer i cant put the transfer cashe bil to my dic.,5,2025-05-07,CBE,Google Play,positive,POSITIVE,happy . small prob . transfer not transfer cashe bil dic .,['Transaction Performance']
amazing apps,5,2025-05-06,CBE,Google Play,positive,POSITIVE,amazing app,['Other']
All service of Mobile Banking,5,2025-05-06,CBE,Google Play,neutral,POSITIVE,service Mobile Banking,['Customer Support']
needs improvement,1,2025-05-06,CBE,Google Play,positive,NEGATIVE,need improvement,['Other']
i miss the old one i couldn't send my mony to other bank..,1,2025-05-06,CBE,Google Play,negative,NEGATIVE,miss old send mony bank ..,['Other']
the app is recently crushing each time you open and try to make transfers...it used to be good. take lessons from the Dashen Super app or ethiotelecom. it is not befitting of your experience and glory. inv3st in making it more friendly and convenient. I am considering leaving CBE for good.,2,2025-05-06,CBE,Google Play,positive,NEGATIVE,app recently crush time open try transfer ... good . lesson Dashen Super app ethiotelecom . befit experience glory . inv3st make friendly convenient . consider leave CBE good .,['Transaction Performance']
good but these week not oky,4,2025-05-06,CBE,Google Play,positive,NEGATIVE,good week oky,['Other']
well designed! Fixing bugs & two step verification with biometric... simply it's great!,5,2025-05-06,CBE,Google Play,positive,POSITIVE,design ! fix bug & step verification biometric ... simply great !,['User Interface & Experience']
If any developer is reading this please fix the screenshot functionality or at least the download button should work flawlessly without me touching it twenty times.,1,2025-05-05,CBE,Google Play,positive,NEGATIVE,developer read fix screenshot functionality download button work flawlessly touch time .,['Other']
"it's a great job.but one more thing, it hasn't been placed for transfer to other banks on face like mobile charge card place",5,2025-05-05,CBE,Google Play,positive,POSITIVE,"great job.but thing , place transfer bank face like mobile charge card place",['Transaction Performance']
CBE mobilr bankg,5,2025-05-05,CBE,Google Play,neutral,POSITIVE,CBE mobilr bankg,['Other']
verygood,3,2025-05-05,CBE,Google Play,neutral,POSITIVE,verygood,['Other']
Ù…Ù…ØªØ§Ø² Ø¬Ø¯Ø§,5,2025-05-04,CBE,Google Play,neutral,NEGATIVE,Ù…Ù…ØªØ§Ø² Ø¬Ø¯Ø§,['Other']
it's very low quality application,1,2025-05-04,CBE,Google Play,negative,NEGATIVE,low quality application,['Other']
Very Amazing Apps,5,2025-05-04,CBE,Google Play,positive,POSITIVE,Amazing Apps,['Other']
áŠ á‹›,1,2025-05-04,CBE,Google Play,neutral,NEGATIVE,áŠ á‹›,['Other']
wow simple life,5,2025-05-04,CBE,Google Play,positive,POSITIVE,wow simple life,['Other']
it's nice,5,2025-05-03,CBE,Google Play,positive,POSITIVE,nice,['Other']
Why stacked sometimes,5,2025-05-03,CBE,Google Play,neutral,NEGATIVE,stack,['Other']
okay ğŸ‘ but sometimes busy,1,2025-05-03,CBE,Google Play,positive,NEGATIVE,okay ğŸ‘ busy,['Other']
the worst commercial company that fails to do even the most normal things again and and again.,1,2025-05-03,CBE,Google Play,negative,NEGATIVE,bad commercial company fail normal thing .,['Other']
Very good app. but disappointed by general cessation of system.,5,2025-05-02,CBE,Google Play,negative,NEGATIVE,good app . disappoint general cessation system .,['Other']
Good and fast,5,2025-05-02,CBE,Google Play,positive,POSITIVE,good fast,['Other']
Unreliable!,1,2025-05-02,CBE,Google Play,neutral,NEGATIVE,unreliable !,['Other']
Best the best fast,5,2025-05-02,CBE,Google Play,positive,POSITIVE,well good fast,['Other']
happy,5,2025-05-02,CBE,Google Play,positive,POSITIVE,happy,['Other']
fast and reliable,5,2025-05-02,CBE,Google Play,neutral,POSITIVE,fast reliable,['Other']
network errorrrrrr,2,2025-05-02,CBE,Google Play,neutral,NEGATIVE,network errorrrrrr,['Account Access Issues']
Best app but there is some problem I can't send money to telebirr or mpesa so if you can add that it could be use full,4,2025-05-02,CBE,Google Play,negative,NEGATIVE,good app problem send money telebirr mpesa add use,['Other']
its good and simple to use,5,2025-05-02,CBE,Google Play,positive,POSITIVE,good simple use,['Other']
worest app like that bank for security and network access,1,2025-05-02,CBE,Google Play,positive,NEGATIVE,wor app like bank security network access,['Account Access Issues']
it's the best app i,5,2025-05-02,CBE,Google Play,positive,POSITIVE,good app,['Other']
not bad not good,1,2025-05-02,CBE,Google Play,positive,NEGATIVE,bad good,['Other']
its very nice,5,2025-05-02,CBE,Google Play,positive,POSITIVE,nice,['Other']
do not work this week,3,2025-04-30,CBE,Google Play,neutral,NEGATIVE,work week,['Other']
It crashes frequently,4,2025-04-30,CBE,Google Play,neutral,NEGATIVE,crash frequently,['Other']
the best,5,2025-04-28,CBE,Google Play,positive,POSITIVE,good,['Other']
"I can simply describe this app as ""Making all your work easier"".",5,2025-04-28,CBE,Google Play,positive,POSITIVE,"simply describe app "" make work easy "" .",['User Interface & Experience']
goid,5,2025-04-28,CBE,Google Play,neutral,NEGATIVE,goid,['Other']
best appearance,5,2025-04-27,CBE,Google Play,positive,POSITIVE,good appearance,['Other']
it's very good ğŸ‘ app,5,2025-04-27,CBE,Google Play,positive,POSITIVE,good ğŸ‘ app,['Other']
I need support you,5,2025-04-27,CBE,Google Play,positive,NEGATIVE,need support,['Customer Support']
the worst Mobile banking i have ever seen in my life,1,2025-04-26,CBE,Google Play,negative,NEGATIVE,bad Mobile banking see life,['Other']
super,5,2025-04-26,CBE,Google Play,positive,POSITIVE,super,['Other']
áŒ áŒ€áŒ¨áŒˆáŒ€á¢áŒ€áŒˆ,5,2025-04-26,CBE,Google Play,neutral,NEGATIVE,áŒ áŒ€áŒ¨áŒˆáŒ€á¢áŒ€áŒˆ,['Other']
i like the app,5,2025-04-26,CBE,Google Play,positive,POSITIVE,like app,['Other']
the Best,1,2025-04-26,CBE,Google Play,positive,POSITIVE,good,['Other']
to other bank is bad,1,2025-04-25,CBE,Google Play,negative,NEGATIVE,bank bad,['Other']
tank's,5,2025-04-25,CBE,Google Play,neutral,NEGATIVE,tank,['Other']
its good but add more features such like. bank statement showing,5,2025-04-24,CBE,Google Play,positive,POSITIVE,good add feature like . bank statement show,['Other']
it is so nice,5,2025-04-24,CBE,Google Play,positive,POSITIVE,nice,['Other']
Very GoodğŸ‘,5,2025-04-21,CBE,Google Play,positive,POSITIVE,good ğŸ‘,['Other']
"my first frequent experience of cbe app is critical-time failure such as suspending payment on air for 2-5 days with zero explanation, deducting from sender account without depositing to the receiver act. Another fatal error by the banking company as a whole (not the app itself though) is forced-banking with corporations without consent of employers-users of the corresponding corporations",2,2025-04-21,CBE,Google Play,negative,NEGATIVE,"frequent experience cbe app critical - time failure suspend payment air 2 - 5 day zero explanation , deduct sender account deposit receiver act . fatal error bank company ( app ) force - banking corporation consent employer - user correspond corporation",['Account Access Issues']
"wow, amazing app",5,2025-04-21,CBE,Google Play,positive,POSITIVE,"wow , amazing app",['Other']
use ful,5,2025-04-21,CBE,Google Play,neutral,NEGATIVE,use ful,['Other']
Great app,5,2025-04-21,CBE,Google Play,positive,POSITIVE,great app,['Other']
well app,5,2025-04-20,CBE,Google Play,positive,POSITIVE,app,['Other']
Actually it is inactive,4,2025-04-19,CBE,Google Play,neutral,NEGATIVE,actually inactive,['Other']
"slow, only one account is used",2,2025-04-19,CBE,Google Play,neutral,NEGATIVE,"slow , account",['Transaction Performance']
always CBE is the leading Commercial BankğŸ’ªğŸ’ªğŸ’ª,5,2025-04-18,CBE,Google Play,neutral,POSITIVE,CBE lead Commercial Bank ğŸ’ª ğŸ’ª ğŸ’ª,['Other']
i like it,5,2025-04-18,CBE,Google Play,positive,POSITIVE,like,['Other']
why removing screenshot feature why?,1,2025-04-18,CBE,Google Play,neutral,NEGATIVE,remove screenshot feature ?,['Other']
nice apps where network is good in connection,5,2025-04-18,CBE,Google Play,positive,POSITIVE,nice app network good connection,['Other']
Thank you!!!,5,2025-04-18,CBE,Google Play,positive,POSITIVE,thank ! ! !,['Other']
i can't take screenshot,1,2025-04-18,CBE,Google Play,neutral,NEGATIVE,screenshot,['Other']
"every update was made the system better and better until the March 19th, 2025 update, not allowing us to screenshot. you guys didn't understand how much it's a really quick and significant thing. You add extra steps to us, which makes the process draw back",3,2025-04-18,CBE,Google Play,positive,NEGATIVE,"update system well well March 19th , 2025 update , allow screenshot . guy understand quick significant thing . add extra step , make process draw",['Other']
perfectly special,5,2025-04-18,CBE,Google Play,positive,POSITIVE,perfectly special,['Other']
Fast and Reliable,5,2025-04-18,CBE,Google Play,neutral,POSITIVE,fast reliable,['Other']
The best application I have ever seen in Ethiopia banking industry.,5,2025-04-17,CBE,Google Play,positive,POSITIVE,good application see Ethiopia banking industry .,['Other']
great app!!!,5,2025-04-17,CBE,Google Play,positive,POSITIVE,great app ! ! !,['Other']
because sometimes it doesn't working it load too much,3,2025-04-17,CBE,Google Play,neutral,NEGATIVE,work load,['Other']
"Absolutely the best app! It works flawlessly, anytime and anywhere.",5,2025-04-17,CBE,Google Play,positive,POSITIVE,"absolutely good app ! work flawlessly , anytime .",['Other']
very nice app ever!!!,5,2025-04-16,CBE,Google Play,positive,POSITIVE,nice app ! ! !,['Other']
the best app,5,2025-04-16,CBE,Google Play,positive,POSITIVE,good app,['Other']
Biometric security for mobile banking is not available,5,2025-04-16,CBE,Google Play,positive,NEGATIVE,biometric security mobile banking available,['Other']
great,5,2025-04-15,CBE,Google Play,positive,POSITIVE,great,['Other']
Nice service,5,2025-04-15,CBE,Google Play,positive,POSITIVE,nice service,['Customer Support']
great app,5,2025-04-15,CBE,Google Play,positive,POSITIVE,great app,['Other']
it's special apps,5,2025-04-15,CBE,Google Play,positive,POSITIVE,special app,['Other']
"In the updated version of the app, it takes more time to download the receipt.",3,2025-04-15,CBE,Google Play,neutral,NEGATIVE,"update version app , take time download receipt .",['Other']
áˆˆáˆáŠ•á‹µáŠá‹ á‰µáˆ«áŠ•á‹›áŠ­áˆ½áŠ• á‰µáŠ•áˆ½ á‰¥á‰» á‹¨áˆšá‹«áˆ³á‹¨á‹ ?,3,2025-04-14,CBE,Google Play,neutral,NEGATIVE,áˆˆáˆáŠ•á‹µáŠá‹ á‰µáˆ«áŠ•á‹›áŠ­áˆ½áŠ• á‰µáŠ•áˆ½ á‰¥á‰» á‹¨áˆšá‹«áˆ³á‹¨á‹ ?,['Other']
Good ğŸ”¥,5,2025-04-14,CBE,Google Play,positive,POSITIVE,Good ğŸ”¥,['Other']
very interesting app i am using every day fantastic,5,2025-04-14,CBE,Google Play,positive,POSITIVE,interesting app day fantastic,['Other']
lebaa bank,5,2025-04-14,CBE,Google Play,neutral,NEGATIVE,lebaa bank,['Other']
Can't scan/recognize other banks' Interoperable QR Codes,1,2025-04-13,CBE,Google Play,neutral,NEGATIVE,scan / recognize bank ' interoperable QR code,['Other']
OK,5,2025-04-13,CBE,Google Play,positive,POSITIVE,ok,['Other']
grateful app,5,2025-04-13,CBE,Google Play,positive,POSITIVE,grateful app,['Other']
100% â¤ï¸â¤ï¸â¤ï¸ğŸ™ğŸ™ğŸ™ğŸ™ğŸ™ğŸ™ğŸ™ğŸ™ğŸ™ğŸ™ğŸ™ğŸ™ğŸ™ğŸ™ğŸ™ğŸ™,5,2025-04-13,CBE,Google Play,neutral,POSITIVE,100 % â¤ ï¸ â¤ ï¸ â¤ ï¸ ğŸ™ ğŸ™ ğŸ™ ğŸ™ ğŸ™ ğŸ™ ğŸ™ ğŸ™ ğŸ™ ğŸ™ ğŸ™ ğŸ™ ğŸ™ ğŸ™ ğŸ™ ğŸ™,['Other']
everthing wellbeok,3,2025-04-13,CBE,Google Play,neutral,NEGATIVE,everthe wellbeok,['Other']
"""This mobile banking app is fast and user-friendly, but the only issue I encountered is that I can't access my bank statement within the app. I kindly request that this feature be added, similar to what is offered by other private bank mobile banking apps.",4,2025-04-13,CBE,Google Play,positive,NEGATIVE,""" mobile banking app fast user - friendly , issue encounter access bank statement app . kindly request feature add , similar offer private bank mobile banking app .",['Account Access Issues']
nice app ğŸ‘Œ,5,2025-04-12,CBE,Google Play,positive,POSITIVE,nice app ğŸ‘Œ,['Other']
why did this app is not screenshot,5,2025-04-12,CBE,Google Play,neutral,NEGATIVE,app screenshot,['Other']
it so good app,5,2025-04-12,CBE,Google Play,positive,POSITIVE,good app,['Other']
Ø¬Ù…ÙŠÙ„,5,2025-04-11,CBE,Google Play,neutral,POSITIVE,Ø¬Ù…ÙŠÙ„,['Other']
"less network, specially to make fee for utility purpose",1,2025-04-11,CBE,Google Play,neutral,NEGATIVE,"network , specially fee utility purpose",['Other']
simply for used,4,2025-04-11,CBE,Google Play,neutral,NEGATIVE,simply,['Other']
wow keep up,5,2025-04-10,CBE,Google Play,positive,POSITIVE,wow,['Other']
its great app but when updating we can't take screen shot please try to fix it,3,2025-04-10,CBE,Google Play,positive,NEGATIVE,great app update screen shot try fix,['Other']
good one,5,2025-04-10,CBE,Google Play,positive,POSITIVE,good,['Other']
everything is easy thank you cebe,5,2025-04-10,CBE,Google Play,positive,POSITIVE,easy thank cebe,['User Interface & Experience']
áˆáŒ£áŠ• á‰€áˆáŒ£á‹,5,2025-04-10,CBE,Google Play,neutral,NEGATIVE,áˆáŒ£áŠ• á‰€áˆáŒ£á‹,['Other']
áŒá‰ á‹,5,2025-04-09,CBE,Google Play,neutral,NEGATIVE,áŒá‰ á‹,['Other']
but this app says can't sync,5,2025-04-09,CBE,Google Play,neutral,NEGATIVE,app say sync,['Other']
waw,5,2025-04-09,CBE,Google Play,neutral,NEGATIVE,waw,['Other']
to slow,3,2025-04-09,CBE,Google Play,neutral,NEGATIVE,slow,['Transaction Performance']
work on screen shot system,4,2025-04-08,CBE,Google Play,neutral,NEGATIVE,work screen shot system,['Other']
very very nice aplication,1,2025-04-08,CBE,Google Play,positive,POSITIVE,nice aplication,['Other']
wonder full and it is easy to use,5,2025-04-08,CBE,Google Play,positive,POSITIVE,wonder easy use,['User Interface & Experience']
easy and reliable,2,2025-04-08,CBE,Google Play,positive,POSITIVE,easy reliable,['User Interface & Experience']
it is Very Useful app ğŸ‘,5,2025-04-07,CBE,Google Play,positive,POSITIVE,useful app ğŸ‘,['Other']
perfect app,5,2025-04-07,CBE,Google Play,positive,POSITIVE,perfect app,['Other']
I like it.,5,2025-04-07,CBE,Google Play,positive,POSITIVE,like .,['Other']
bugs,3,2025-04-07,CBE,Google Play,neutral,NEGATIVE,bug,['Other']
commerial Bank,5,2025-04-06,CBE,Google Play,neutral,NEGATIVE,commerial Bank,['Other']
Genat biru,2,2025-04-06,CBE,Google Play,neutral,NEGATIVE,genat biru,['Other']
ğŸ™,5,2025-04-06,CBE,Google Play,neutral,NEGATIVE,ğŸ™,['Other']
it is good but it doesn't allow screen shot,4,2025-04-06,CBE,Google Play,neutral,POSITIVE,good allow screen shot,['Other']
the best one,5,2025-04-06,CBE,Google Play,positive,POSITIVE,good,['Other']
You need to copy many things from other bank apps like Amole(Dashen),2,2025-04-06,CBE,Google Play,positive,NEGATIVE,need copy thing bank app like Amole(Dashen ),['Other']
bring back the screenshot feature.,1,2025-04-05,CBE,Google Play,neutral,POSITIVE,bring screenshot feature .,['Other']
Good!ğŸ‘,3,2025-04-05,CBE,Google Play,positive,POSITIVE,good ! ğŸ‘,['Other']
best app to experience him that to smooth transaction among the customers,1,2025-04-05,CBE,Google Play,positive,POSITIVE,good app experience smooth transaction customer,['Other']
nice app suitable to use it. the only weak side is it need data connections and hoping will be fixed to offline i gave 4 rate,4,2025-04-05,CBE,Google Play,positive,NEGATIVE,nice app suitable use . weak need data connection hoping fix offline give 4 rate,['Other']
easy to use,5,2025-04-05,CBE,Google Play,positive,POSITIVE,easy use,['User Interface & Experience']
"Good job to the CBE team on this mobile app! It's designed in a way that's simple and intuitive to navigate, which is great for everyone. It effectively handles the essential banking tasks I need to perform regularly. It's a practical and reliable tool that makes everyday banking much more convenient. Thank you for this useful application.",5,2025-04-04,CBE,Google Play,positive,POSITIVE,"good job CBE team mobile app ! design way simple intuitive navigate , great . effectively handle essential banking task need perform regularly . practical reliable tool make everyday banking convenient . thank useful application .",['User Interface & Experience']
áˆˆáŠ” á‰ áŒ£áˆ áˆáˆ­áŒ¥ áŠá‹ áŒáŠ• screenshot áˆ›áˆ¨áŒ á‰¢á‰»áˆ áˆáˆ­áŒ¥ áŠá‰ áˆ­,5,2025-04-04,CBE,Google Play,neutral,NEGATIVE,áˆˆáŠ” á‰ áŒ£áˆ áˆáˆ­áŒ¥ áŠá‹ áŒáŠ• screenshot áˆ›áˆ¨áŒ á‰¢á‰»áˆ áˆáˆ­áŒ¥ áŠá‰ áˆ­,['Other']
before it was smooth and good. this time after the new update in 2025 i can not make screenshot of my recite. even the downlod button is very delayed in putting my recite in my gallery for simple proof. please fix this i am unable to show proof of payment to my clients. thankyou.,3,2025-04-04,CBE,Google Play,positive,NEGATIVE,smooth good . time new update 2025 screenshot recite . downlod button delayed put recite gallery simple proof . fix unable proof payment client . thankyou .,['Transaction Performance']
cool â¤,4,2025-04-04,CBE,Google Play,positive,POSITIVE,cool â¤,['Other']
Best app,5,2025-04-04,CBE,Google Play,positive,POSITIVE,good app,['Other']
best banking App,4,2025-04-03,CBE,Google Play,positive,POSITIVE,good banking App,['Other']
satisfied,5,2025-04-03,CBE,Google Play,positive,POSITIVE,satisfy,['Other']
this app is very necessary app many people found it,5,2025-04-03,CBE,Google Play,neutral,POSITIVE,app necessary app people find,['Other']
cbe very active Bank I'm using CBE app very very satisfaction,5,2025-04-03,CBE,Google Play,positive,POSITIVE,cbe active Bank CBE app satisfaction,['Other']
It made life alot easier. I cant even imagine having to make all those transactions in person. So this app was crucial for me. Very good app. well done.,5,2025-04-03,CBE,Google Play,positive,POSITIVE,life alot easy . not imagine have transaction person . app crucial . good app . .,['User Interface & Experience']
perfect,5,2025-04-03,CBE,Google Play,positive,POSITIVE,perfect,['Other']
thankyou,5,2025-04-02,CBE,Google Play,neutral,POSITIVE,thankyou,['Other']
I Like it,5,2025-04-02,CBE,Google Play,positive,POSITIVE,like,['Other']
"I don't understand the reason, why I need to disable developer options to access the app, it has no security risks nor does it hinder the app's functionalities. This goes out to the dev, I hope your life is filled with inconveniences.",1,2025-04-02,CBE,Google Play,positive,NEGATIVE,"understand reason , need disable developer option access app , security risk hinder app functionality . go dev , hope life fill inconvenience .",['Account Access Issues']
smart app,5,2025-04-02,CBE,Google Play,positive,POSITIVE,smart app,['Other']
isin ga'a,2,2025-04-02,CBE,Google Play,neutral,POSITIVE,isin ga'a,['Other']
it's great,5,2025-04-02,CBE,Google Play,positive,POSITIVE,great,['Other']
very good app and stars faction with work,5,2025-04-02,CBE,Google Play,positive,POSITIVE,good app star faction work,['Other']
It is excelent,5,2025-04-01,CBE,Google Play,neutral,POSITIVE,excelent,['Other']
Smart,5,2025-04-01,CBE,Google Play,positive,POSITIVE,Smart,['Other']
á‰ á‹¨á‹ˆáˆ© áŠ á•á‹°á‰µ áŠ¥á‹¨áŒ á‹¨á‰€áŠ áŠá‹ áˆˆáŠáŒˆáˆ© á‰¥áˆ­ áˆµáˆŒáˆˆáŠ á‹­áˆ†áŠ“áˆ áŠ¥áŠ“ áˆáŠ• áˆˆáˆ›áˆˆá‰µ áˆáˆáŒˆ áˆ˜áˆ°áˆ‹á‰¹ á‹ˆáˆ‹áˆ… á‰¼áŒáˆ®áŠ›áˆ ğŸ¥ºğŸ¥ºğŸ¥º,3,2025-04-01,CBE,Google Play,neutral,NEGATIVE,á‰ á‹¨á‹ˆáˆ© áŠ á•á‹°á‰µ áŠ¥á‹¨áŒ á‹¨á‰€áŠ áŠá‹ áˆˆáŠáŒˆáˆ© á‰¥áˆ­ áˆµáˆŒáˆˆáŠ á‹­áˆ†áŠ“áˆ áŠ¥áŠ“ áˆáŠ• áˆˆáˆ›áˆˆá‰µ áˆáˆáŒˆ áˆ˜áˆ°áˆ‹á‰¹ á‹ˆáˆ‹áˆ… á‰¼áŒáˆ®áŠ›áˆ ğŸ¥º ğŸ¥º ğŸ¥º,['Other']
very interesting app,5,2025-04-01,CBE,Google Play,positive,POSITIVE,interesting app,['Other']
wow.......cbe.....keep it up.....!!!!!!,5,2025-04-01,CBE,Google Play,neutral,POSITIVE,wow ....... cbe ..... ..... ! ! ! ! ! !,['Other']
áŒŠá‹œáŠ• á‰†áŒ£á‰¢ áŠ¥áŠ“ áˆ…á‹­á‹ˆá‰µáŠ• á‰€áˆˆáˆ áŠ¨áˆšá‹«á‹°áˆ­áŒ‰ áŠ¢á‰µá‹¬áŒ²á‹« áŠ«áˆ‰ á‹á‹­áŠ“áŠ•áˆµ áŠ á•áˆáŠ¬áˆ½áŠ–á‰½ áˆáˆ‰ á‹­áˆ„ á‹­áˆˆá‹«áˆ,5,2025-04-01,CBE,Google Play,neutral,NEGATIVE,áŒŠá‹œáŠ• á‰†áŒ£á‰¢ áŠ¥áŠ“ áˆ…á‹­á‹ˆá‰µáŠ• á‰€áˆˆáˆ áŠ¨áˆšá‹«á‹°áˆ­áŒ‰ áŠ¢á‰µá‹¬áŒ²á‹« áŠ«áˆ‰ á‹á‹­áŠ“áŠ•áˆµ áŠ á•áˆáŠ¬áˆ½áŠ–á‰½ áˆáˆ‰ á‹­áˆ„ á‹­áˆˆá‹«áˆ,['Other']
ExcellentğŸ™app,5,2025-04-01,CBE,Google Play,positive,NEGATIVE,excellent ğŸ™ app,['Other']
the most useful,5,2025-04-01,CBE,Google Play,positive,POSITIVE,useful,['Other']
I am more satisfied in this app . More sure you have to secure.,4,2025-04-01,CBE,Google Play,positive,POSITIVE,satisfied app . sure secure .,['Other']
Easy to use,5,2025-04-01,CBE,Google Play,positive,POSITIVE,easy use,['User Interface & Experience']
"very good, but sometimes NUR CBE comes without my consent. even if I choose locked, it appears",4,2025-04-01,CBE,Google Play,neutral,NEGATIVE,"good , NUR CBE come consent . choose lock , appear",['Other']
Excellent !!!,5,2025-04-01,CBE,Google Play,positive,POSITIVE,excellent ! ! !,['Other']
always we relay on,5,2025-04-01,CBE,Google Play,neutral,POSITIVE,relay,['Other']
I'm lucky to have thisğŸ™ thank you CBE.,5,2025-04-01,CBE,Google Play,positive,POSITIVE,lucky ğŸ™ thank CBE .,['Other']
it's need more improvement like Tellbirr.,4,2025-04-01,CBE,Google Play,positive,NEGATIVE,need improvement like Tellbirr .,['Other']
goode app,5,2025-04-01,CBE,Google Play,neutral,POSITIVE,goode app,['Other']
a very nice app.ğŸ‘ğŸ‘ğŸ‘,5,2025-04-01,CBE,Google Play,positive,POSITIVE,nice app . ğŸ‘ ğŸ‘ ğŸ‘,['Other']
safe easy & fast,5,2025-04-01,CBE,Google Play,positive,POSITIVE,safe easy & fast,['User Interface & Experience']
it's good app,5,2025-04-01,CBE,Google Play,positive,POSITIVE,good app,['Other']
It is veary useful app but screen shout was impossible .solve this problem,5,2025-04-01,CBE,Google Play,negative,NEGATIVE,veary useful app screen shout impossible .solve problem,['Other']
áŒ¥áˆ© áŠá‹,5,2025-04-01,CBE,Google Play,neutral,NEGATIVE,áŒ¥áˆ© áŠá‹,['Other']
áŠ¥áŒ…áŒ á‰ áŒ£áˆ áŒ¥áˆ© áŠ á•,5,2025-04-01,CBE,Google Play,neutral,NEGATIVE,áŠ¥áŒ…áŒ á‰ áŒ£áˆ áŒ¥áˆ© áŠ á•,['Other']
á‰ áŒ£áˆ áˆƒáˆªá áŠá‹ áŒáŠ• á‰¥áˆ­ á‰ áˆšá‰°áˆ‹áˆˆáá‰ á‰µ á‹ˆá‰…á‰µ á‰°á‰€áŠ•áˆ·áˆ á‹­áˆ‹áˆ áŠ¥áˆ‹áŠ áˆ˜áˆáŠ­á‰± á‹­á‹°áˆ­áˆ³áˆ áŒáŠ• áŠ á‹­á‰€áŠ•áˆµáˆ,5,2025-04-01,CBE,Google Play,neutral,NEGATIVE,á‰ áŒ£áˆ áˆƒáˆªá áŠá‹ áŒáŠ• á‰¥áˆ­ á‰ áˆšá‰°áˆ‹áˆˆáá‰ á‰µ á‹ˆá‰…á‰µ á‰°á‰€áŠ•áˆ·áˆ á‹­áˆ‹áˆ áŠ¥áˆ‹áŠ áˆ˜áˆáŠ­á‰± á‹­á‹°áˆ­áˆ³áˆ áŒáŠ• áŠ á‹­á‰€áŠ•áˆµáˆ,['Other']
suitable app,4,2025-04-01,CBE,Google Play,neutral,POSITIVE,suitable app,['Other']
Dear cbe this app is not comparable with 21century and pls try to solve it.ğŸ’€ğŸ’€ğŸ’€,1,2025-04-01,CBE,Google Play,positive,NEGATIVE,dear cbe app comparable 21century pls try solve . ğŸ’€ ğŸ’€ ğŸ’€,['Other']
best transaction method of financial,5,2025-04-01,CBE,Google Play,positive,POSITIVE,good transaction method financial,['Other']
#CBE is Now going to on the right Pathway/track/!! Thank you CBE one step ahead on payment platform app!!,5,2025-04-01,CBE,Google Play,positive,POSITIVE,# CBE go right pathway / track/ ! ! thank CBE step ahead payment platform app ! !,['Other']
It literarily don't work at all,4,2025-04-01,CBE,Google Play,neutral,NEGATIVE,literarily work,['Other']
good give us plus,5,2025-04-01,CBE,Google Play,positive,POSITIVE,good plus,['Other']
"Very good application. However, I have one functionality recommendation. What if you let the app transfer money to any telebirr account as for MPESA? By the way, I am not the only one to ask this. Thank you!",4,2025-04-01,CBE,Google Play,positive,POSITIVE,"good application . , functionality recommendation . let app transfer money telebirr account MPESA ? way , ask . thank !",['Transaction Performance']
before update it was able to screenshot while after update I can't able to screenshot the transfere details,4,2025-04-01,CBE,Google Play,neutral,NEGATIVE,update able screenshot update able screenshot transfere detail,['Transaction Performance']
Tnc Cbe,5,2025-04-01,CBE,Google Play,neutral,POSITIVE,Tnc Cbe,['Other']
it is good app. But you have integrate cbe with cbe birr. to allow cardless withdrawal directly from our accout!,4,2025-03-31,CBE,Google Play,positive,NEGATIVE,good app . integrate cbe cbe birr . allow cardless withdrawal directly accout !,['Other']
great apps,5,2025-03-31,CBE,Google Play,positive,POSITIVE,great app,['Other']
Excellent,5,2025-03-31,CBE,Google Play,positive,POSITIVE,excellent,['Other']
Great app!,4,2025-03-31,CBE,Google Play,positive,POSITIVE,great app !,['Other']
CBE,5,2025-03-31,CBE,Google Play,neutral,POSITIVE,CBE,['Other']
very good ğŸ‘ ğŸ‘,5,2025-03-31,CBE,Google Play,positive,POSITIVE,good ğŸ‘ ğŸ‘,['Other']
great when it works,5,2025-03-31,CBE,Google Play,positive,POSITIVE,great work,['Other']
"the app is very good, but why screenshots is impossible?",5,2025-03-31,CBE,Google Play,positive,NEGATIVE,"app good , screenshot impossible ?",['Other']
excellent match application,5,2025-03-31,CBE,Google Play,positive,POSITIVE,excellent match application,['Other']
The Best appğŸ˜ğŸ˜ğŸ˜,5,2025-03-31,CBE,Google Play,positive,POSITIVE,Best app ğŸ˜ ğŸ˜ ğŸ˜,['Other']
excellent app,5,2025-03-31,CBE,Google Play,positive,POSITIVE,excellent app,['Other']
easy to use and user friendly,5,2025-03-31,CBE,Google Play,positive,POSITIVE,easy use user friendly,['User Interface & Experience']
very nice,5,2025-03-31,CBE,Google Play,positive,POSITIVE,nice,['Other']
áŠ áˆªá áŠá‹ á‰ á‰°áˆˆá‹­ á‹¨áŠ áˆ»áˆ« á‹°áˆ…áŠá‰± áˆ˜áˆ¨áŒ‹áŒˆáŒ¡ á‰°áˆ˜á‰½á‰¶áŠ›áˆ,3,2025-03-31,CBE,Google Play,neutral,NEGATIVE,áŠ áˆªá áŠá‹ á‰ á‰°áˆˆá‹­ á‹¨áŠ áˆ»áˆ« á‹°áˆ…áŠá‰± áˆ˜áˆ¨áŒ‹áŒˆáŒ¡ á‰°áˆ˜á‰½á‰¶áŠ›áˆ,['Other']
well software,5,2025-03-31,CBE,Google Play,positive,POSITIVE,software,['Other']
áŒ¥áˆ© áŠá‹ áŠ áŠ•á‹³áŠ•á‹´ áˆµá‰³áŠ­ á‰¢á‹«á‹°áˆ­áŒáˆ,4,2025-03-31,CBE,Google Play,neutral,NEGATIVE,áŒ¥áˆ© áŠá‹ áŠ áŠ•á‹³áŠ•á‹´ áˆµá‰³áŠ­ á‰¢á‹«á‹°áˆ­áŒáˆ,['Other']
CBE very good apps,5,2025-03-31,CBE,Google Play,positive,POSITIVE,CBE good app,['Other']
"This application fast, secure and more convenient. Thanks CBE",5,2025-03-31,CBE,Google Play,positive,POSITIVE,"application fast , secure convenient . thank CBE",['Other']
excellent service,5,2025-03-31,CBE,Google Play,positive,POSITIVE,excellent service,['Customer Support']
it's best,5,2025-03-31,CBE,Google Play,positive,POSITIVE,good,['Other']
Why didn't you display cash transactions and bank statement in the mobile banking app?,4,2025-03-31,CBE,Google Play,neutral,NEGATIVE,display cash transaction bank statement mobile banking app ?,['Other']
Amazing app,5,2025-03-31,CBE,Google Play,positive,POSITIVE,amazing app,['Other']
our legitimate bank,4,2025-03-31,CBE,Google Play,neutral,POSITIVE,legitimate bank,['Other']
Ever and never seen this kind of app I proud my CBE,5,2025-03-31,CBE,Google Play,positive,POSITIVE,see kind app proud CBE,['Other']
very good and safe for me!,5,2025-03-31,CBE,Google Play,positive,POSITIVE,good safe !,['Other']
it is best bank,5,2025-03-31,CBE,Google Play,positive,POSITIVE,good bank,['Other']
"very good, but sometimes....",4,2025-03-31,CBE,Google Play,positive,POSITIVE,"good , ....",['Other']
áŠ¨áŠ áŠ•á‹µ áˆ˜áˆµáˆªá‹« á‰¤á‰µ á‹ˆá‹­áˆ á‹µáˆ­áŒ…á‰µ á‹ˆá‹­áˆ áŒáˆˆáˆ°á‰¥ á‰ áˆ­áŠ¨á‰µ áˆ‹áˆˆ áˆ°á‹ áˆ²áˆ‹áŠ­ á‹¨áˆ‹áŠªá‹áŠ• áˆ˜áˆµáˆªá‹« á‰¤á‰µ á‹ˆá‹­áˆ á‹µáˆ­áŒ…á‰µ á‹ˆá‹­áˆ áŒáˆˆáˆ°á‰¥ áŠ¥áŠ•á‹²á‹«áˆ³á‹­ áŠ á‰³á‹°áˆ­áŒ‰áˆ ? áŒáˆˆáˆ°á‰¥ áˆˆáŒáˆˆáˆ°á‰¥ á‹ˆá‹­áˆ áˆˆá‹µáˆ­áŒ…á‰µ áˆ²áŠ¨ááˆ á‹«áˆ³á‹«áˆ á¢,5,2025-03-31,CBE,Google Play,neutral,NEGATIVE,áŠ¨áŠ áŠ•á‹µ áˆ˜áˆµáˆªá‹« á‰¤á‰µ á‹ˆá‹­áˆ á‹µáˆ­áŒ…á‰µ á‹ˆá‹­áˆ áŒáˆˆáˆ°á‰¥ á‰ áˆ­áŠ¨á‰µ áˆ‹áˆˆ áˆ°á‹ áˆ²áˆ‹áŠ­ á‹¨áˆ‹áŠªá‹áŠ• áˆ˜áˆµáˆªá‹« á‰¤á‰µ á‹ˆá‹­áˆ á‹µáˆ­áŒ…á‰µ á‹ˆá‹­áˆ áŒáˆˆáˆ°á‰¥ áŠ¥áŠ•á‹²á‹«áˆ³á‹­ áŠ á‰³á‹°áˆ­áŒ‰áˆ ? áŒáˆˆáˆ°á‰¥ áˆˆáŒáˆˆáˆ°á‰¥ á‹ˆá‹­áˆ áˆˆá‹µáˆ­áŒ…á‰µ áˆ²áŠ¨ááˆ á‹«áˆ³á‹«áˆ á¢,['Other']
Why not allowed to pay for fuel?,4,2025-03-31,CBE,Google Play,positive,NEGATIVE,allow pay fuel ?,['Other']
Really! this app is more simple to use at any time in every where also it's transaction quality between the users within the transaction receipt as abank that means this app is our bank on hand in mobile frankly I proud on this bank digital. I have no word to wrote ...... but it's have weakness on poor connection.,5,2025-03-31,CBE,Google Play,negative,NEGATIVE,! app simple use time transaction quality user transaction receipt abank mean app bank hand mobile frankly proud bank digital . word wrote ...... weakness poor connection .,['Other']
á‰†áŠ•áŒ† áŠá‹,5,2025-03-31,CBE,Google Play,neutral,NEGATIVE,á‰†áŠ•áŒ† áŠá‹,['Other']
Great version,5,2025-03-31,CBE,Google Play,positive,POSITIVE,great version,['Other']
Good and easy to use,5,2025-03-31,CBE,Google Play,positive,POSITIVE,good easy use,['User Interface & Experience']
nice app and fast money transfer,5,2025-03-31,CBE,Google Play,positive,POSITIVE,nice app fast money transfer,['Transaction Performance']
Really automated...,5,2025-03-31,CBE,Google Play,neutral,POSITIVE,automate ...,['Other']
good App,5,2025-03-31,CBE,Google Play,positive,POSITIVE,good App,['Other']
bek betam kelal,5,2025-03-31,CBE,Google Play,neutral,POSITIVE,bek betam kelal,['Other']
áˆáˆ­áŒ¥ áŠ á• áŠá‹ á‰°áˆ˜á‰½á‰¶áŠ›áˆâ¤â¤,3,2025-03-31,CBE,Google Play,positive,NEGATIVE,áˆáˆ­áŒ¥ áŠ á• áŠá‹ á‰°áˆ˜á‰½á‰¶áŠ›áˆ â¤ â¤,['Other']
Recently app keeps closing and the notification after says this app has a bug. Can you make an update please,4,2025-03-31,CBE,Google Play,positive,NEGATIVE,recently app keep closing notification say app bug . update,['Feature Requests']
"very good, keep it up",5,2025-03-31,CBE,Google Play,positive,POSITIVE,"good ,",['Other']
there is some issue the process it delay,3,2025-03-31,CBE,Google Play,negative,NEGATIVE,issue process delay,['Transaction Performance']
what an amazing application in Ethiopian Banking industry which is very interested one!,5,2025-03-31,CBE,Google Play,positive,POSITIVE,amazing application Ethiopian Banking industry interested !,['Other']
interesting,3,2025-03-30,CBE,Google Play,positive,POSITIVE,interesting,['Other']
simple&fast!!!,5,2025-03-30,CBE,Google Play,neutral,POSITIVE,simple&fast ! ! !,['Other']
it is very good app,5,2025-03-30,CBE,Google Play,positive,POSITIVE,good app,['Other']
It is very excellent anddynamic plus user friend all in one bank apps of the era. I loved it.,5,2025-03-30,CBE,Google Play,positive,POSITIVE,excellent anddynamic plus user friend bank app era . love .,['Other']
Very God thanks,5,2025-03-30,CBE,Google Play,positive,POSITIVE,God thank,['Other']
The sum is good.,3,2025-03-30,CBE,Google Play,positive,POSITIVE,sum good .,['Other']
best of bests,5,2025-03-30,CBE,Google Play,positive,POSITIVE,good best,['Other']
am happy thank you CBEğŸ«¡,5,2025-03-30,CBE,Google Play,positive,POSITIVE,happy thank cbeğŸ«¡,['Other']
it's very nice ğŸ‘.,5,2025-03-30,CBE,Google Play,positive,POSITIVE,nice ğŸ‘ .,['Other']
"The history sometimes misses transactions, tranfer to cbe birr debited but not really transferred, We need to really cop up with the world for real. The hacks and security problems, invest on and solve them.",3,2025-03-30,CBE,Google Play,positive,NEGATIVE,"history miss transaction , tranfer cbe birr debit transfer , need cop world real . hack security problem , invest solve .",['Transaction Performance']
Very good,5,2025-03-30,CBE,Google Play,positive,POSITIVE,good,['Other']
halan garidhaa cbe,5,2025-03-30,CBE,Google Play,neutral,POSITIVE,halan garidhaa cbe,['Other']
best apps for useing,5,2025-03-30,CBE,Google Play,positive,POSITIVE,good app useing,['Other']
like it,5,2025-03-29,CBE,Google Play,positive,POSITIVE,like,['Other']
Good apps ...But fix the screenshot its not easy like before ......,5,2025-03-29,CBE,Google Play,negative,NEGATIVE,good app ... fix screenshot easy like ......,['User Interface & Experience']
l love it,5,2025-03-29,CBE,Google Play,positive,POSITIVE,l love,['Other']
"I am not exaggerating when I say that this application is one of the biggest players in the banking industry. It has simplified a lot of things for the user, even if the bank is in his pocket. But my opinion is (1), when we transfer money, there is a word limit on the (Note) at the end. Why can't we write our reason briefly? I don't understand why it is limited. On the other hand, there is no limit on the bank. Could you explain this? (2), when we pay for water, why is the code not mentioned",5,2025-03-29,CBE,Google Play,negative,NEGATIVE,"exaggerate application big player banking industry . simplify lot thing user , bank pocket . opinion ( 1 ) , transfer money , word limit ( note ) end . write reason briefly ? understand limited . hand , limit bank . explain ? ( 2 ) , pay water , code mention",['Transaction Performance']
in this update why screenshoot is disabled now it's not working,1,2025-03-28,CBE,Google Play,neutral,NEGATIVE,update screenshoot disable work,['Other']
"realy I donot seen like this application ! fast ,safe ande confortable",5,2025-03-28,CBE,Google Play,positive,POSITIVE,"realy donot see like application ! fast , safe ande confortable",['Other']
Excellent but needed upgrading!,5,2025-03-28,CBE,Google Play,positive,POSITIVE,excellent needed upgrading !,['Other']
goods app!! pleace update this apps??,4,2025-03-28,CBE,Google Play,neutral,NEGATIVE,good app ! ! pleace update app ? ?,['Other']
"The latest update prevents taking screenshots, which is really annoying! please allow us to take screenshots! we need it for evidence (particularly, in case of transfer failure!).",1,2025-03-27,CBE,Google Play,negative,NEGATIVE,"late update prevent take screenshot , annoying ! allow screenshot ! need evidence ( particularly , case transfer failure ! ) .",['Transaction Performance']
Fantastic app! I appreciate it very much,5,2025-03-27,CBE,Google Play,positive,POSITIVE,fantastic app ! appreciate,['Other']
Convenient app,5,2025-03-27,CBE,Google Play,neutral,POSITIVE,convenient app,['Other']
Doesn't work properly. It crashes some many times. commercial bank of Ethiopia not only the application but also sending money to own CBE birr doesn't get your money in your bank account. forcefully you must wait 3-5 days to get your money back to your account. walk up CBE the world is going to decentralized finance.,1,2025-03-26,CBE,Google Play,neutral,NEGATIVE,work properly . crash time . commercial bank Ethiopia application send money CBE birr money bank account . forcefully wait 3 - 5 day money account . walk CBE world go decentralized finance .,['Other']
It crashes multiple times everytime you launch it. Fix it. Edit: crash fixed but screenshots has been disabled. I don't know who thought this was a good idea.,1,2025-03-26,CBE,Google Play,positive,NEGATIVE,crash multiple time everytime launch . fix . Edit : crash fix screenshot disable . know think good idea .,['Other']
why why u remove screen shootğŸ˜¡ğŸ˜¡,2,2025-03-26,CBE,Google Play,negative,NEGATIVE,u remove screen shoot ğŸ˜¡ ğŸ˜¡,['Other']
"I fails mid transaction, No screenshot, download don't work, link shared not working bring back the old app this is usless",1,2025-03-26,CBE,Google Play,negative,NEGATIVE,"fail mid transaction , screenshot , download work , link shared work bring old app usless",['Other']
very nice one,5,2025-03-26,CBE,Google Play,positive,POSITIVE,nice,['Other']
good application,5,2025-03-25,CBE,Google Play,positive,POSITIVE,good application,['Other']
problem solver and the best fast app,5,2025-03-25,CBE,Google Play,positive,POSITIVE,problem solver good fast app,['Other']
áˆáˆ­áŒ¥ áŠ á•áˆŠáŠ¨áˆ½áŠ• áŠá‹ áŒˆáŠ•á‹˜á‰¥ áˆˆáˆ˜áˆ‹áŠ­áˆ áˆ†áŠ áˆˆáˆ›áŠ•áŠ›á‹áˆ áŠáŒˆáˆ­ á‰°áˆ˜á‰½á‰¶áŠ›áˆ á‰ á‹šá‹ á‰€áŒ¥áˆ‰á‰ á‰µ,5,2025-03-25,CBE,Google Play,neutral,NEGATIVE,áˆáˆ­áŒ¥ áŠ á•áˆŠáŠ¨áˆ½áŠ• áŠá‹ áŒˆáŠ•á‹˜á‰¥ áˆˆáˆ˜áˆ‹áŠ­áˆ áˆ†áŠ áˆˆáˆ›áŠ•áŠ›á‹áˆ áŠáŒˆáˆ­ á‰°áˆ˜á‰½á‰¶áŠ›áˆ á‰ á‹šá‹ á‰€áŒ¥áˆ‰á‰ á‰µ,['Other']
Please bring back the screenshot option. The screenshot download option takes like 15 second appear in gallery and most people don't know about it.,3,2025-03-25,CBE,Google Play,positive,NEGATIVE,bring screenshot option . screenshot download option take like 15 second appear gallery people know .,['Other']
you must added dark mode options â—,3,2025-03-25,CBE,Google Play,neutral,NEGATIVE,add dark mode option â—,['Other']
Thank you,5,2025-03-25,CBE,Google Play,positive,POSITIVE,thank,['Other']
cbe,5,2025-03-25,CBE,Google Play,neutral,POSITIVE,cbe,['Other']
Ù…Ù…ØªØ§Ø² Ø¬Ø¯Ø§ Ø¬Ø¯Ø§,5,2025-03-24,CBE,Google Play,neutral,NEGATIVE,Ù…Ù…ØªØ§Ø² Ø¬Ø¯Ø§ Ø¬Ø¯Ø§,['Other']
very nice and convenient app,5,2025-03-24,CBE,Google Play,positive,POSITIVE,nice convenient app,['Other']
there are to many bugs app keeps crashi ng and the update file seems to keep getting worse,2,2025-03-24,CBE,Google Play,negative,NEGATIVE,bug app keep crashi ng update file get bad,['Other']
ğŸ‘ğŸ‘ğŸ‘,5,2025-03-24,CBE,Google Play,neutral,NEGATIVE,ğŸ‘ ğŸ‘ ğŸ‘,['Other']
Great experience so far but why this app ain't working while developer mode is on?,4,2025-03-24,CBE,Google Play,positive,NEGATIVE,great experience far app be work developer mode ?,['Other']
why did the screen shot stopped ?????,3,2025-03-24,CBE,Google Play,negative,NEGATIVE,screen shot stop ? ? ? ? ?,['Other']
it's genuine app..,5,2025-03-24,CBE,Google Play,neutral,POSITIVE,genuine app ..,['Other']
okay ğŸ‘ŒğŸ‘,5,2025-03-24,CBE,Google Play,positive,POSITIVE,okay ğŸ‘Œ ğŸ‘,['Other']
it's a very good application but sometimes it takes a long time to synchronize,4,2025-03-23,CBE,Google Play,positive,NEGATIVE,good application take long time synchronize,['Other']
commercial dank...,5,2025-03-23,CBE,Google Play,neutral,NEGATIVE,commercial dank ...,['Other']
it's very good,5,2025-03-23,CBE,Google Play,positive,POSITIVE,good,['Other']
to getting money,5,2025-03-23,CBE,Google Play,neutral,POSITIVE,get money,['Other']
some times it is difficult to get reciepts for the payment made,1,2025-03-23,CBE,Google Play,negative,NEGATIVE,time difficult reciept payment,['Other']
this app is best,1,2025-03-23,CBE,Google Play,positive,POSITIVE,app good,['Other']
it's very useful,5,2025-03-23,CBE,Google Play,positive,POSITIVE,useful,['Other']
best app and update more features *****,5,2025-03-23,CBE,Google Play,positive,POSITIVE,good app update feature * * * * *,['Other']
best app for this vast digital finanical word,5,2025-03-23,CBE,Google Play,positive,POSITIVE,good app vast digital finanical word,['Other']
this app is my favorite application,5,2025-03-23,CBE,Google Play,positive,POSITIVE,app favorite application,['Other']
Hooo I love this application,5,2025-03-22,CBE,Google Play,positive,POSITIVE,hooo love application,['Other']
The app protects me from screenshot after update. Please make revision on the app.,4,2025-03-22,CBE,Google Play,positive,POSITIVE,app protect screenshot update . revision app .,['Other']
Screenshot or slip not working,2,2025-03-22,CBE,Google Play,neutral,NEGATIVE,screenshot slip work,['Other']
thank you for help,5,2025-03-22,CBE,Google Play,positive,POSITIVE,thank help,['Customer Support']
I'm sad guys what are you doing? Why did you add the screenshot restriction to the app? You just made it worse it was a great value to us. You need to rethink it. i will change the 1 star rating when you resolve the issue.,1,2025-03-22,CBE,Google Play,positive,NEGATIVE,sad guy ? add screenshot restriction app ? bad great value . need rethink . change 1 star rating resolve issue .,['Other']
Thise is helpfull and have good and easy for mobile money usage in ethiopia,5,2025-03-22,CBE,Google Play,positive,POSITIVE,thise helpfull good easy mobile money usage ethiopia,"['User Interface & Experience', 'Customer Support']"
thank you,5,2025-03-22,CBE,Google Play,positive,POSITIVE,thank,['Other']
good app.,5,2025-03-22,CBE,Google Play,positive,POSITIVE,good app .,['Other']
"Old version was very friendly to use. Now we can't see the #Reason The #transaction history (very limited) and now it crash every time it's opened. More over, the last update prevents us from taking #screenshots. Thanks for the developers as they are getting more stupid than ever.",1,2025-03-21,CBE,Google Play,negative,NEGATIVE,"old version friendly use . # Reason # transaction history ( limited ) crash time open . , update prevent take # screenshot . thank developer get stupid .",['Other']
Since last week this app has started not working. It simply log in without network but can't sync. Please fix it.,5,2025-03-21,CBE,Google Play,negative,NEGATIVE,week app start work . simply log network sync . fix .,['Other']
amazingğŸ‘ŒğŸ«¶ğŸ™,5,2025-03-21,CBE,Google Play,positive,NEGATIVE,amazing ğŸ‘Œ ğŸ«¶ ğŸ™,['Other']
What an absolutely terrible update. No screenshots and you still have this stupid restriction on developer options. WHAT ABOUT THOSE OF US WHO ARE ACTUALLY DEVELOPERS!!!!!! At this point telebirr just wins the game 100%. CBE. Do. Better!,1,2025-03-21,CBE,Google Play,negative,POSITIVE,absolutely terrible update . screenshot stupid restriction developer option . ACTUALLY developer ! ! ! ! ! ! point telebirr win game 100 % . CBE . . well !,['Other']
Wow its my in,5,2025-03-21,CBE,Google Play,positive,POSITIVE,wow,['Other']
In the lasted update you removed the capability to screenshot transactions.,3,2025-03-21,CBE,Google Play,neutral,NEGATIVE,lasted update remove capability screenshot transaction .,['Other']
how do you disable screenshots on a banking app you are very unserious people,1,2025-03-21,CBE,Google Play,neutral,NEGATIVE,disable screenshot banking app unserious people,['Other']
no screenshot and biometrics on this version wtfk?,3,2025-03-21,CBE,Google Play,negative,NEGATIVE,screenshot biometric version wtfk ?,['Other']
"Not Good, too lame to use",1,2025-03-21,CBE,Google Play,neutral,NEGATIVE,"good , lame use",['Other']
áˆ¨á‹˜áˆ áˆ‹áˆˆ áŒá‹œ áŠ¥á‹¨á‰°áŒ á‰€áˆáŠ©á‰µ áŠá‹ á‹­áˆ…áŠ• áˆ˜á‰°áŒá‰ áˆªá‹« áŒ¥áˆ© áŠá‹ áŠáŒˆáˆ­ áŒáŠ• áŠ áŠ•á‹³áŠ•á‹µ á‰½áŒáˆ®á‰½ áŠ áˆ‰á‰ á‰µ 1áŠ› á‹¨áŠ¨áˆáˆáŠ©á‰ á‰µáŠ• á‹°áˆ¨áˆ°áŠ á‰ áŒá‹œá‹ áŠ¨áˆá‹ˆáˆ°á‹µáŠ© áŠ¨áˆ°áˆ‹áˆ³ á‰µáˆ«áŠ•á‹›áŠ­áˆ½áŠ• á‰ áŠ…áˆ‹ áˆ˜áˆáˆ¼ áŠ¨á‹šáˆ… á‰ áŠá‰µ á‹¨á‰°áŒˆá‰ á‹«á‹¨á‹á‰ á‰µáŠ• áˆ›áŒáŠ˜á‰µ áŠ áˆá‰½áˆáˆ áˆáŠ­ áŠ¥áŠ•á‹° áˆŒáˆá‰½ á‰£áŠ•áŠ®á‰½ áˆáˆ³áˆŒ (áŠ á‰¢áˆ²áŠ’á‹« áŠ á‹‹áˆ½..) áˆŒáˆ‹á‹ á‰¥áˆ­ áˆˆáˆ˜áˆ‹áŠ­ áŠ áˆµá‰¤ áŠ¥áˆáŠ«áˆˆá‹ áŒáŠ• áŠ áŠ«á‹áŠ•á‰´ áˆ‹á‹­ áˆˆá‰°á‹ˆáˆ°áŠ á‹°á‰‚á‰ƒ áŠ¨áŠ áŠ«á‹áŠ•á‰µ áˆ°á‹­á‰€áŠ•áˆµ á‹­á‰†á‹­áŠ“ á‹«áˆáŒˆá‰£ áˆ˜áˆµáˆáŠ á‹µáŒ‹áˆœ áŠ¥áˆáŠ«áˆˆá‹ áˆáˆˆá‰µ áŒá‹œ áˆ°á‹ áŒ‹ á‹­áŒˆá‰£áŠ“ áˆŒáˆ‹ á‰½áŒáˆ­ á‹áˆµáŒ¥ áˆ˜áŒá‰£á‰µ á‹­áˆ…áŠ›á‹ á‰ áŒ£áˆ á‰µáŠ©áˆ¨á‰µ áˆŠáˆ°áŒ á‹ á‹¨áˆšáŒˆá‰£ áŒ‰á‹³á‹­ áŠá‹ áˆŒáˆá‰½áŠ•áˆ áˆµáˆ…á‰°á‰¶á‰½áŠ• áˆ›áŠ•áˆ³á‰µ á‹­á‰»áˆ‹áˆ á‹‹áŠ“á‹áŠ• áˆ‹áŠ•áˆ³ á‰¥á‹¬ áŠá‹ áŠ¥áŠ•áŒ‚ developeráˆ®á‰½ á‰ áˆ­á‰± á‰ á‹¨ áŒá‹œá‹ á‹¨áˆšáˆ°áŒ£á‰½áˆáŠ• feedback á‰°á‰€á‰ áˆ‰ áŠ áˆ»áˆ½áˆ‰á‰µ,3,2025-03-20,CBE,Google Play,neutral,NEGATIVE,áˆ¨á‹˜áˆ áˆ‹áˆˆ áŒá‹œ áŠ¥á‹¨á‰°áŒ á‰€áˆáŠ©á‰µ áŠá‹ á‹­áˆ…áŠ• áˆ˜á‰°áŒá‰ áˆªá‹« áŒ¥áˆ© áŠá‹ áŠáŒˆáˆ­ áŒáŠ• áŠ áŠ•á‹³áŠ•á‹µ á‰½áŒáˆ®á‰½ áŠ áˆ‰á‰ á‰µ 1áŠ› á‹¨áŠ¨áˆáˆáŠ©á‰ á‰µáŠ• á‹°áˆ¨áˆ°áŠ á‰ áŒá‹œá‹ áŠ¨áˆá‹ˆáˆ°á‹µáŠ© áŠ¨áˆ°áˆ‹áˆ³ á‰µáˆ«áŠ•á‹›áŠ­áˆ½áŠ• á‰ áŠ…áˆ‹ áˆ˜áˆáˆ¼ áŠ¨á‹šáˆ… á‰ áŠá‰µ á‹¨á‰°áŒˆá‰ á‹«á‹¨á‹á‰ á‰µáŠ• áˆ›áŒáŠ˜á‰µ áŠ áˆá‰½áˆáˆ áˆáŠ­ áŠ¥áŠ•á‹° áˆŒáˆá‰½ á‰£áŠ•áŠ®á‰½ áˆáˆ³áˆŒ ( áŠ á‰¢áˆ²áŠ’á‹« áŠ á‹‹áˆ½ .. ) áˆŒáˆ‹á‹ á‰¥áˆ­ áˆˆáˆ˜áˆ‹áŠ­ áŠ áˆµá‰¤ áŠ¥áˆáŠ«áˆˆá‹ áŒáŠ• áŠ áŠ«á‹áŠ•á‰´ áˆ‹á‹­ áˆˆá‰°á‹ˆáˆ°áŠ á‹°á‰‚á‰ƒ áŠ¨áŠ áŠ«á‹áŠ•á‰µ áˆ°á‹­á‰€áŠ•áˆµ á‹­á‰†á‹­áŠ“ á‹«áˆáŒˆá‰£ áˆ˜áˆµáˆáŠ á‹µáŒ‹áˆœ áŠ¥áˆáŠ«áˆˆá‹ áˆáˆˆá‰µ áŒá‹œ áˆ°á‹ áŒ‹ á‹­áŒˆá‰£áŠ“ áˆŒáˆ‹ á‰½áŒáˆ­ á‹áˆµáŒ¥ áˆ˜áŒá‰£á‰µ á‹­áˆ…áŠ›á‹ á‰ áŒ£áˆ á‰µáŠ©áˆ¨á‰µ áˆŠáˆ°áŒ á‹ á‹¨áˆšáŒˆá‰£ áŒ‰á‹³á‹­ áŠá‹ áˆŒáˆá‰½áŠ•áˆ áˆµáˆ…á‰°á‰¶á‰½áŠ• áˆ›áŠ•áˆ³á‰µ á‹­á‰»áˆ‹áˆ á‹‹áŠ“á‹áŠ• áˆ‹áŠ•áˆ³ á‰¥á‹¬ áŠá‹ áŠ¥áŠ•áŒ‚ developeráˆ®á‰½ á‰ áˆ­á‰± á‰ á‹¨ áŒá‹œá‹ á‹¨áˆšáˆ°áŒ£á‰½áˆáŠ• feedback á‰°á‰€á‰ áˆ‰ áŠ áˆ»áˆ½áˆ‰á‰µ,['Other']
CBE app is great,5,2025-03-20,CBE,Google Play,positive,POSITIVE,CBE app great,['Other']
zaku,5,2025-03-20,CBE,Google Play,neutral,POSITIVE,zaku,['Other']
its good and saving time,5,2025-03-20,CBE,Google Play,positive,POSITIVE,good save time,['Other']
"this new update(Mar 19,2025) is great in fixing bugs, stability and smooth experience I'll give u that but it came with a big shortcoming which is not allowing to take screenshot. I can't screenshot neither my balance nor the transaction or anything within the app, i understand it's for security reasons but please bring that back, allow us to take screenshot we need that. Thanks.",4,2025-03-20,CBE,Google Play,positive,NEGATIVE,"new update(mar 19,2025 ) great fix bug , stability smooth experience u come big shortcoming allow screenshot . screenshot balance transaction app , understand security reason bring , allow screenshot need . thank .",['Other']
"what went wrong, I couldn't take a screenshot.",3,2025-03-20,CBE,Google Play,negative,NEGATIVE,"go wrong , screenshot .",['Other']
full,5,2025-03-20,CBE,Google Play,neutral,POSITIVE,,['Other']
App is crushing recently. Please update.,4,2025-03-20,CBE,Google Play,negative,NEGATIVE,App crush recently . update .,['Other']
It is good but why screenshot is forbidden,4,2025-03-20,CBE,Google Play,negative,NEGATIVE,good screenshot forbid,['Other']
Taking away the screenshot of the receipt is just silly. Worse is tbe download button putting a copy of the screenshot - which you prevented to be taken - in tbe downloads folder where we cant attach directly from Whatsapp. Millions of people use the screenshot as proof of payment / transfer yet you make that harder for everyone? I have every user contacts the developer or manager who made this awful decision.,1,2025-03-20,CBE,Google Play,negative,NEGATIVE,take away screenshot receipt silly . bad tbe download button put copy screenshot - prevent take - tbe download folder not attach directly Whatsapp . million people use screenshot proof payment / transfer hard ? user contact developer manager awful decision .,['Transaction Performance']
very good app,5,2025-03-20,CBE,Google Play,positive,POSITIVE,good app,['Other']
New update version 5.0.9 keeps crashing it needs maintenance,3,2025-03-19,CBE,Google Play,neutral,NEGATIVE,new update version 5.0.9 keeps crash need maintenance,['Other']
the update is unneeded,1,2025-03-19,CBE,Google Play,neutral,NEGATIVE,update unneeded,['Other']
Reliable bank,5,2025-03-19,CBE,Google Play,neutral,POSITIVE,Reliable bank,['Other']
as if the update of march 19 i can't take a screenshot in the app. i can just save it as file and that is so annoying. i used to save all screenshot in my gallery in one folder now with the extra steps added i have to save the file go to file and then screenshot it. the solution is to allow the screenshot to be save in to gallery automatically. i wish you give this review attention and resolve the issue shortly.,2,2025-03-19,CBE,Google Play,positive,NEGATIVE,update march 19 screenshot app . save file annoying . save screenshot gallery folder extra step add save file file screenshot . solution allow screenshot save gallery automatically . wish review attention resolve issue shortly .,['Other']
it is good app but when I make inter bank transaction It can't display The receiver account number and name of receiver and also receiver bank,4,2025-03-19,CBE,Google Play,positive,NEGATIVE,good app inter bank transaction display receiver account number receiver receiver bank,['Other']
áŒ¥áˆ©áŠá‹‰á¢,5,2025-03-19,CBE,Google Play,neutral,NEGATIVE,áŒ¥áˆ©áŠá‹‰á¢,['Other']
It was nice but now it dose not opened the transactions,5,2025-03-18,CBE,Google Play,positive,NEGATIVE,nice dose open transaction,['Other']
áŠ§áˆ¨ á‹áˆ¨á‹µ,5,2025-03-18,CBE,Google Play,neutral,NEGATIVE,áŠ§áˆ¨ á‹áˆ¨á‹µ,['Other']
simple to use,5,2025-03-17,CBE,Google Play,neutral,POSITIVE,simple use,['Other']
The apps is good to use,5,2025-03-17,CBE,Google Play,positive,POSITIVE,app good use,['Other']
It's best app but Please add(included) payment of water bill,4,2025-03-17,CBE,Google Play,positive,POSITIVE,good app add(include ) payment water bill,['Other']
the app has a bug and it keeps crashing ğŸ˜‘ please provide an update and fix the issue thank you....,3,2025-03-17,CBE,Google Play,positive,NEGATIVE,app bug keep crash ğŸ˜‘ provide update fix issue thank ....,['Other']
This is my favorite App,5,2025-03-17,CBE,Google Play,positive,POSITIVE,favorite App,['Other']
CBE i like,5,2025-03-16,CBE,Google Play,positive,POSITIVE,CBE like,['Other']
1.we can't get mobile Token on CBE App or any other online. This is need to improve 2.internet banking is always say authenticate error after some weeks this is need to improve.,4,2025-03-16,CBE,Google Play,positive,NEGATIVE,1.we mobile Token CBE App online . need improve 2.internet banking authenticate error week need improve .,['Account Access Issues']
excellent app for account transaction specially for bussiness customers and a good method to pay bills and different personal payment.,5,2025-03-15,CBE,Google Play,positive,POSITIVE,excellent app account transaction specially bussiness customer good method pay bill different personal payment .,['Other']
á‹¨áˆšáŒˆáˆ­áˆ áŠ á• á‰°áˆ˜á‰½á‰¶áŠ›áˆ ğŸ™â¤,5,2025-03-14,CBE,Google Play,positive,NEGATIVE,á‹¨áˆšáŒˆáˆ­áˆ áŠ á• á‰°áˆ˜á‰½á‰¶áŠ›áˆ ğŸ™ â¤,['Other']
Wow,5,2025-03-14,CBE,Google Play,positive,POSITIVE,wow,['Other']
"The app has brought a new problem. When i open the app, it closes itself then i have to open it again. Please fix this issue if it's your problem",3,2025-03-14,CBE,Google Play,negative,NEGATIVE,"app bring new problem . open app , close open . fix issue problem",['Other']
á‰ áŒ£áˆ áŒ¥áˆ© áŠ á•áˆáŠ¬áˆ½áŠ• áŠá‹,2,2025-03-14,CBE,Google Play,neutral,NEGATIVE,á‰ áŒ£áˆ áŒ¥áˆ© áŠ á•áˆáŠ¬áˆ½áŠ• áŠá‹,['Other']
"In my view, I can't give any conclusion because it's the starting of an online banking in my country. However, the commercial bank of ethiopia must rebuild this app and also need to make more access to changing the system. Keep continuing ethiopia ğŸ‡ªğŸ‡¹ ğŸ‡ªğŸ‡¹ğŸ‡ªğŸ‡¹ğŸ‡ªğŸ‡¹",5,2025-03-14,CBE,Google Play,neutral,NEGATIVE,"view , conclusion starting online banking country . , commercial bank ethiopia rebuild app need access change system . continue ethiopia ğŸ‡ª ğŸ‡¹ ğŸ‡ª ğŸ‡¹ ğŸ‡ª ğŸ‡¹ ğŸ‡ª ğŸ‡¹",['Account Access Issues']
Very attractive and user-friendly,5,2025-03-13,CBE,Google Play,positive,POSITIVE,attractive user - friendly,['Other']
Good apps,5,2025-03-13,CBE,Google Play,positive,POSITIVE,good app,['Other']
My special app and my proud bank of Ethiopia.,5,2025-03-13,CBE,Google Play,positive,POSITIVE,special app proud bank Ethiopia .,['Other']
The app need update it always crash,1,2025-03-13,CBE,Google Play,negative,NEGATIVE,app need update crash,['Other']
It is very comfortable and simple to use!!! But whay standing order is not work?,5,2025-03-13,CBE,Google Play,positive,NEGATIVE,comfortable simple use ! ! ! whay standing order work ?,['Other']
"One of the best apps I have used ,",5,2025-03-13,CBE,Google Play,positive,POSITIVE,"good app ,",['Other']
Asela,1,2025-03-13,CBE,Google Play,neutral,POSITIVE,Asela,['Other']
I am appreciate this app,5,2025-03-13,CBE,Google Play,positive,POSITIVE,appreciate app,['Other']
Excellent app,5,2025-03-12,CBE,Google Play,positive,POSITIVE,excellent app,['Other']
á‰ áŒ áˆáŒ¡áˆ©,5,2025-06-04,CBE,Google Play,neutral,NEGATIVE,á‰ áŒ áˆáŒ¡áˆ©,['Other']
áŠ¨áˆ áˆ›á‹­á‹¨áˆšá‹ˆáˆ­á‹°á‹áŠ•á‹•áˆá‹µáˆ­á‹­á‰½áˆˆá‹‹áˆ,5,2025-06-04,CBE,Google Play,neutral,NEGATIVE,áŠ¨áˆ áˆ›á‹­á‹¨áˆšá‹ˆáˆ­á‹°á‹áŠ•á‹•áˆá‹µáˆ­á‹­á‰½áˆˆá‹‹áˆ,['Other']
á‹‹á‹,5,2025-05-21,CBE,Google Play,neutral,NEGATIVE,á‹‹á‹,['Other']
it makes trading easier keep it up,5,2025-04-13,CBE,Google Play,positive,POSITIVE,make trading easy,['User Interface & Experience']
betam konjo,5,2025-03-21,CBE,Google Play,neutral,NEGATIVE,betam konjo,['Other']
áŠ áˆªá‹,5,2025-01-30,CBE,Google Play,neutral,NEGATIVE,áŠ áˆªá‹,['Other']
áˆáˆ­áŒ¥ áŠá‹‰ áŠ áˆáŠ•áˆ áŠ¥áŠ•á‹²áˆ»áˆ»áˆ áˆ˜áˆµáˆ«á‰µ á‹«áˆµáˆáˆáŒ‹áˆ,1,2025-01-29,CBE,Google Play,neutral,NEGATIVE,áˆáˆ­áŒ¥ áŠá‹‰ áŠ áˆáŠ•áˆ áŠ¥áŠ•á‹²áˆ»áˆ»áˆ áˆ˜áˆµáˆ«á‰µ á‹«áˆµáˆáˆáŒ‹áˆ,['Other']
Good ap,5,2025-01-11,CBE,Google Play,positive,POSITIVE,good ap,['Other']
á‰€áˆˆáˆ‹áˆá£áˆá‰¹áŠ“ áˆáˆ‰áŠ•áˆ áŠ áŒˆáˆáŒˆáˆá‰µ á‰£áŠ•á‹µ áˆ‹á‹­ á‹¨á‹«á‹˜,5,2025-01-01,CBE,Google Play,neutral,NEGATIVE,á‰€áˆˆáˆ‹áˆá£áˆá‰¹áŠ“ áˆáˆ‰áŠ•áˆ áŠ áŒˆáˆáŒˆáˆá‰µ á‰£áŠ•á‹µ áˆ‹á‹­ á‹¨á‹«á‹˜,['Other']
5ok,5,2024-12-30,CBE,Google Play,neutral,POSITIVE,5ok,['Other']
áˆ¹áŒáˆ­ á‹°áˆ¨áŒƒ,5,2024-11-18,CBE,Google Play,neutral,NEGATIVE,áˆ¹áŒáˆ­ á‹°áˆ¨áŒƒ,['Other']
áŠ áˆµá‰°áˆ›áˆ›áŠ áŠ¥áŠ“ á‰€áˆáŒ£á‹ áŠá‹‰ á‰¢áˆ»áˆ»áˆ áˆáˆˆá‹‰ áŠ¥áˆµá‰´á‰µ áˆ˜áŠ•á‰µ á‰ áˆµáˆáŠ­ á‰¢á‹«áŠ•áˆµáˆˆá‹ˆáˆ«á‰¶á‰½ á‰ á‰€áˆ‹áˆ‰ áŠ¥áŠ•á‹²áŒˆáŠ á‰¢á‹°áˆ¨áŒ áŠ¥áˆ‹áˆˆáˆ,5,2024-10-05,CBE,Google Play,neutral,NEGATIVE,áŠ áˆµá‰°áˆ›áˆ›áŠ áŠ¥áŠ“ á‰€áˆáŒ£á‹ áŠá‹‰ á‰¢áˆ»áˆ»áˆ áˆáˆˆá‹‰ áŠ¥áˆµá‰´á‰µ áˆ˜áŠ•á‰µ á‰ áˆµáˆáŠ­ á‰¢á‹«áŠ•áˆµáˆˆá‹ˆáˆ«á‰¶á‰½ á‰ á‰€áˆ‹áˆ‰ áŠ¥áŠ•á‹²áŒˆáŠ á‰¢á‹°áˆ¨áŒ áŠ¥áˆ‹áˆˆáˆ,['Other']
á‰ áŒ£áˆ áŠ áˆªá áŠá‹,5,2024-08-27,CBE,Google Play,neutral,NEGATIVE,á‰ áŒ£áˆ áŠ áˆªá áŠá‹,['Other']
á‰ áŒ£áˆáŒ¥áˆ© áˆ˜á‰°áŒá‰ áˆ­á‹« áŠá‹,5,2024-08-19,CBE,Google Play,neutral,NEGATIVE,á‰ áŒ£áˆáŒ¥áˆ© áˆ˜á‰°áŒá‰ áˆ­á‹« áŠá‹,['Other']
á‹‹á‹‰ áˆáŒ£áŠ• áˆá‰¹ 100%,5,2024-08-13,CBE,Google Play,neutral,POSITIVE,á‹‹á‹‰ áˆáŒ£áŠ• áˆá‰¹ 100 %,['Other']
"It is very usefully app that contains the very important contents in it &Hence, the devellopers should be thanked enough!",5,2024-08-07,CBE,Google Play,positive,POSITIVE,"usefully app contain important content & , develloper thank !",['Other']
GOOD,5,2024-08-06,CBE,Google Play,positive,POSITIVE,good,['Other']
áˆá‰£á‹­áˆ á‰£áŠ•áŠªáŠ•áŒ áˆˆáˆ˜áŠ­áˆá‰µ áŠ áˆá‰»áˆáŠ©á‰ á‰µáˆ,5,2024-07-26,CBE,Google Play,neutral,NEGATIVE,áˆá‰£á‹­áˆ á‰£áŠ•áŠªáŠ•áŒ áˆˆáˆ˜áŠ­áˆá‰µ áŠ áˆá‰»áˆáŠ©á‰ á‰µáˆ,['Other']
á‰ áŒ£áˆ áŒ¥áˆ© áŠá‹,5,2024-06-30,CBE,Google Play,neutral,NEGATIVE,á‰ áŒ£áˆ áŒ¥áˆ© áŠá‹,['Other']
á‰€áˆ‹áˆ áŠ áŒ á‰ƒá‰€áˆ á‰ áŒ£áˆ á‹°áˆµ á‹¨áˆšáˆ áŠ á•,5,2024-06-27,CBE,Google Play,neutral,NEGATIVE,á‰€áˆ‹áˆ áŠ áŒ á‰ƒá‰€áˆ á‰ áŒ£áˆ á‹°áˆµ á‹¨áˆšáˆ áŠ á•,['Other']
Taks for negd bank,5,2024-05-03,CBE,Google Play,neutral,NEGATIVE,tak negd bank,['Other']
á‰ áŒ£áˆ áŒ¥áˆ© áŠá‹ áŠ¨á‹šáˆ…áˆ á‰ áˆ‹á‹­ á‰ á‹°áˆá‰¥ áŠ¥á‹µá‰³áˆ»áˆ½áˆ‰á‰µ áŠ¥áŒ á‰¥á‰ƒáˆˆá‹á¢ğŸ‘ğŸ‘ğŸ‘,5,2024-04-21,CBE,Google Play,neutral,NEGATIVE,á‰ áŒ£áˆ áŒ¥áˆ© áŠá‹ áŠ¨á‹šáˆ…áˆ á‰ áˆ‹á‹­ á‰ á‹°áˆá‰¥ áŠ¥á‹µá‰³áˆ»áˆ½áˆ‰á‰µ áŠ¥áŒ á‰¥á‰ƒáˆˆá‹á¢ ğŸ‘ ğŸ‘ ğŸ‘,['Other']
áŠ áˆªá,5,2024-04-18,CBE,Google Play,neutral,NEGATIVE,áŠ áˆªá,['Other']
Interested application,5,2024-03-26,CBE,Google Play,positive,POSITIVE,interested application,['Other']
its good,5,2024-03-10,CBE,Google Play,positive,POSITIVE,good,['Other']
Very God,5,2024-02-25,CBE,Google Play,positive,POSITIVE,God,['Other']
Ok Wow,5,2024-02-21,CBE,Google Play,positive,POSITIVE,ok wow,['Other']
á‰ áŒ£áˆ áŒáˆ©áˆ áŠá‹á¢,5,2024-02-13,CBE,Google Play,neutral,NEGATIVE,á‰ áŒ£áˆ áŒáˆ©áˆ áŠá‹á¢,['Other']
Wow good,5,2024-02-11,CBE,Google Play,positive,POSITIVE,wow good,['Other']
áˆ½áˆáˆ˜á‰± áŠ áˆá‹³áˆ¨áˆ°áŠáˆ,5,2024-01-14,CBE,Google Play,neutral,NEGATIVE,áˆ½áˆáˆ˜á‰± áŠ áˆá‹³áˆ¨áˆ°áŠáˆ,['Other']
G000d application,5,2023-12-07,CBE,Google Play,neutral,NEGATIVE,g000d application,['Other']
áŒ¥áˆ© áŠá‹ á‰€áŒ¥áˆ‰á‰ á‰µ,5,2023-09-01,CBE,Google Play,neutral,NEGATIVE,áŒ¥áˆ© áŠá‹ á‰€áŒ¥áˆ‰á‰ á‰µ,['Other']
Waaw áŠá‹,4,2023-06-22,CBE,Google Play,neutral,NEGATIVE,Waaw áŠá‹,['Other']
áŠ áˆªá áŠá‹ á‰ áŒ£áˆ,2,2023-05-18,CBE,Google Play,neutral,NEGATIVE,áŠ áˆªá áŠá‹ á‰ áŒ£áˆ,['Other']
Honest,5,2023-04-06,CBE,Google Play,positive,POSITIVE,honest,['Other']
á‰ áŒ£áˆ áŒ¥áˆ© áˆ˜á‰°áŒá‰ áˆªá‹« áŠá‹,5,2022-06-02,CBE,Google Play,neutral,NEGATIVE,á‰ áŒ£áˆ áŒ¥áˆ© áˆ˜á‰°áŒá‰ áˆªá‹« áŠá‹,['Other']
Good banke app,5,2022-06-01,CBE,Google Play,positive,POSITIVE,good banke app,['Other']
á‰ áŒ£áˆ áŠ áˆªá áŠá‹,4,2021-10-19,CBE,Google Play,neutral,NEGATIVE,á‰ áŒ£áˆ áŠ áˆªá áŠá‹,['Other']
á‰†áŒ† áŠá‹,5,2021-10-18,CBE,Google Play,neutral,NEGATIVE,á‰†áŒ† áŠá‹,['Other']
á‰ áŒ£áˆ áŠ áˆªá á‰´áŠ­áŠ–áˆáŒ‚ áŠá‹,5,2021-10-11,CBE,Google Play,neutral,NEGATIVE,á‰ áŒ£áˆ áŠ áˆªá á‰´áŠ­áŠ–áˆáŒ‚ áŠá‹,['Other']
it's good app so i am happy!!!,5,2021-08-15,CBE,Google Play,positive,POSITIVE,good app happy ! ! !,['Other']
áŠ áˆµáˆáˆ‹áŒŠ á‹¨áˆ†áŠ,5,2021-05-19,CBE,Google Play,neutral,NEGATIVE,áŠ áˆµáˆáˆ‹áŒŠ á‹¨áˆ†áŠ,['Other']
á‹¨gooleá¡á‹°áŠ•á‰ áŠáŠ›á¡áˆˆáˆ›áˆ†áŠ•á¡áŠ¥áˆáˆáŒ‹áˆˆáˆá¢,2,2021-02-14,CBE,Google Play,neutral,NEGATIVE,á‹¨gooleá¡á‹°áŠ•á‰ áŠáŠ›á¡áˆˆáˆ›áˆ†áŠ•á¡áŠ¥áˆáˆáŒ‹áˆˆáˆá¢,['Other']
Exellent,5,2020-10-17,CBE,Google Play,neutral,NEGATIVE,exellent,['Other']
á‹¨áˆ›áˆáŠá‹ áŠá‹,5,2020-09-09,CBE,Google Play,neutral,NEGATIVE,á‹¨áˆ›áˆáŠá‹ áŠá‹,['Other']
it is not functional for all android phone like mine ...techno cammon c9 So i can't instal or can not recieve from my freinds So think over it,1,2020-08-08,CBE,Google Play,positive,NEGATIVE,functional android phone like ... techno cammon c9 instal recieve freind think,['Other']
