review,rating,date,bank,source,vader_sentiment,bert_sentiment,clean_review
I like this mobile banking app very much. Overall user interface and navigation is awesome. But it lacks instant response when someone deposit or withdraw money.,2,2025-06-07,DASHEN,Google Play,positive,NEGATIVE,like mobile banking app . overall user interface navigation awesome . lack instant response deposit withdraw money .
love,3,2025-06-06,DASHEN,Google Play,positive,POSITIVE,love
·àò·â∏·à∏·å†,5,2025-06-03,DASHEN,Google Play,neutral,NEGATIVE,·àò·â∏·à∏·å†
wow,5,2025-06-03,DASHEN,Google Play,positive,POSITIVE,wow
gadaa,5,2025-06-01,DASHEN,Google Play,neutral,NEGATIVE,gadaa
Massive upgrade from the Amole app.,5,2025-05-31,DASHEN,Google Play,neutral,POSITIVE,massive upgrade Amole app .
good,4,2025-05-31,DASHEN,Google Play,positive,POSITIVE,good
very good for this app,5,2025-05-31,DASHEN,Google Play,positive,POSITIVE,good app
top,5,2025-05-31,DASHEN,Google Play,positive,POSITIVE,
this app better than Amole . but the biometric on new update doesn't work,4,2025-05-31,DASHEN,Google Play,positive,NEGATIVE,app well Amole . biometric new update work
Wow,5,2025-05-30,DASHEN,Google Play,positive,POSITIVE,wow
wow to it saff and this app,5,2025-05-30,DASHEN,Google Play,positive,POSITIVE,wow saff app
it too slow,3,2025-05-29,DASHEN,Google Play,neutral,NEGATIVE,slow
·ã≥·àΩ·äï ·â£·äï·ä≠ ·ã≠·àà·ã´·àç,4,2025-05-28,DASHEN,Google Play,neutral,NEGATIVE,·ã≥·àΩ·äï ·â£·äï·ä≠ ·ã≠·àà·ã´·àç
real life changer,5,2025-05-28,DASHEN,Google Play,neutral,POSITIVE,real life changer
üëçüëçüëç,5,2025-05-28,DASHEN,Google Play,neutral,NEGATIVE,üëç üëç üëç
nice application,5,2025-05-27,DASHEN,Google Play,positive,POSITIVE,nice application
useless app ever loading take long,1,2025-05-27,DASHEN,Google Play,negative,NEGATIVE,useless app load long
"Game changer app! Dashen Bank Super App is fast, secure, and easy to use. The three-click payment makes sending money super quick, and the QR code payment is perfect for cashless shopping. I also love the biometric login and easy airtime and bill payments. Everything I need is in one place. Dashen Bank has really raised the bar for digital banking in Ethiopia. Highly recommended!",5,2025-05-26,DASHEN,Google Play,positive,POSITIVE,"game changer app ! Dashen Bank Super App fast , secure , easy use . - click payment make send money super quick , QR code payment perfect cashless shopping . love biometric login easy airtime bill payment . need place . Dashen Bank raise bar digital banking Ethiopia . highly recommend !"
very useful App,1,2025-05-26,DASHEN,Google Play,positive,POSITIVE,useful App
"Simple, robust features? Yes, please! But the endless loading screen killed the fun‚ÄîI couldn‚Äôt use it for days. Fix the glitch, and I‚Äôll yeet a higher rating!",2,2025-05-26,DASHEN,Google Play,negative,NEGATIVE,"simple , robust feature ? yes , ! endless loading screen kill fun ‚Äî use day . fix glitch , yeet high rating !"
Wawww,5,2025-05-24,DASHEN,Google Play,neutral,NEGATIVE,Wawww
it is good but some times says duplicate transaction why?,5,2025-05-24,DASHEN,Google Play,positive,NEGATIVE,good time say duplicate transaction ?
very Nice,5,2025-05-23,DASHEN,Google Play,positive,POSITIVE,nice
its best,5,2025-05-23,DASHEN,Google Play,positive,POSITIVE,good
it is not as good as to the other mobile bank app.,1,2025-05-22,DASHEN,Google Play,negative,NEGATIVE,good mobile bank app .
"The best of best is now arrived **Empowering Your Financial Freedom** ""Experience seamless banking at your fingertips with Dashen Bank. Empowering your financial freedom, anytime, anywhere!"" **Innovation Meets Convenience** ""Dashen Bank Mobile Banking: Where innovation meets convenience. **Secure and Reliable** ""Bank with confidence",5,2025-05-22,DASHEN,Google Play,positive,POSITIVE,"good good arrive * * empower Financial Freedom * * "" experience seamless banking fingertip Dashen Bank . empower financial freedom , anytime , ! "" * * innovation meet Convenience * * "" Dashen Bank Mobile Banking : innovation meet convenience . * * secure Reliable * * "" Bank confidence"
Nothing is changed in the updated version. You have been collecting comments but where is the feed back you improved in this version. superapp is mot functioning today.,4,2025-05-20,DASHEN,Google Play,positive,NEGATIVE,change update version . collect comment feed improve version . superapp mot function today .
The best app ever in finance sector,5,2025-05-18,DASHEN,Google Play,positive,POSITIVE,good app finance sector
Its good app than other compitators but it confuse when we transfer it needs OTP and PIN most user inter their pin instead of OTP we know the litrecy level of our society so if it is device based i dont know the needs of OTP so please try to fix,3,2025-05-18,DASHEN,Google Play,positive,NEGATIVE,good app compitator confuse transfer need OTP PIN user inter pin instead OTP know litrecy level society device base not know need OTP try fix
dashen bank or dashen super app?,1,2025-05-17,DASHEN,Google Play,positive,NEGATIVE,dashen bank dashen super app ?
wowwwe app,5,2025-05-17,DASHEN,Google Play,neutral,POSITIVE,wowwwe app
"Transferring to other bank accounts is a hastle and inconvenient .Get used to seeing "" please try again """,2,2025-05-17,DASHEN,Google Play,neutral,NEGATIVE,"transfer bank account hastle inconvenient .Get see "" try """
always lagging,1,2025-05-16,DASHEN,Google Play,negative,NEGATIVE,lag
Amazing Application...,5,2025-05-16,DASHEN,Google Play,positive,POSITIVE,Amazing Application ...
Fantastic,5,2025-05-16,DASHEN,Google Play,positive,POSITIVE,fantastic
"Dashen bank app is very good, but sometimes it is not working well",5,2025-05-15,DASHEN,Google Play,neutral,NEGATIVE,"dashen bank app good , work"
its my choice,5,2025-05-15,DASHEN,Google Play,neutral,POSITIVE,choice
wow apo,5,2025-05-15,DASHEN,Google Play,positive,POSITIVE,wow apo
awesome app keep going,5,2025-05-14,DASHEN,Google Play,positive,POSITIVE,awesome app go
üëç,5,2025-05-14,DASHEN,Google Play,neutral,NEGATIVE,üëç
"It grows ethiopian digital banking step ahead.All fetures in one,simple fast and convince.",5,2025-05-14,DASHEN,Google Play,positive,POSITIVE,"grow ethiopian digital banking step ahead . feture , simple fast convince ."
Game changer,5,2025-05-13,DASHEN,Google Play,neutral,POSITIVE,game changer
Totally amazing,5,2025-05-13,DASHEN,Google Play,positive,POSITIVE,totally amazing
super üòé,5,2025-05-13,DASHEN,Google Play,positive,POSITIVE,super üòé
what a helpful app!!!!,5,2025-05-13,DASHEN,Google Play,positive,POSITIVE,helpful app ! ! ! !
Good,4,2025-05-13,DASHEN,Google Play,positive,POSITIVE,good
nice,5,2025-05-13,DASHEN,Google Play,positive,POSITIVE,nice
"To be honest, best banking and lifestyle app in Ethiopia.",5,2025-05-12,DASHEN,Google Play,positive,POSITIVE,"honest , good banking lifestyle app Ethiopia ."
fast,5,2025-05-12,DASHEN,Google Play,neutral,POSITIVE,fast
"A must have, seamless, all in one digital platform ""DB Superapp""! Keep living your motto ""Always one step ahead""",5,2025-05-12,DASHEN,Google Play,neutral,POSITIVE,", seamless , digital platform "" DB Superapp "" ! live motto "" step ahead """
"This App makes digital banking effortless and convenient. User-friendly interface, secure transactions, and excellent features for managing finances efficiently.",4,2025-05-10,DASHEN,Google Play,positive,POSITIVE,"App make digital banking effortless convenient . user - friendly interface , secure transaction , excellent feature manage finance efficiently ."
Amazing app super easy to use and best design. loved it.,5,2025-05-09,DASHEN,Google Play,positive,POSITIVE,amazing app super easy use good design . love .
its the best ever,5,2025-05-09,DASHEN,Google Play,positive,POSITIVE,good
excellent game changer App,5,2025-05-08,DASHEN,Google Play,positive,POSITIVE,excellent game changer App
I am highly excited by using this application and it is the most favorable as well as preferrable mobile app.,5,2025-05-03,DASHEN,Google Play,positive,POSITIVE,highly excited application favorable preferrable mobile app .
it seems me logging out within minutes,1,2025-05-03,DASHEN,Google Play,neutral,NEGATIVE,log minute
nice app especially GUI and I have got some error when you send within dashen bank the receipter is not get SMS notification,4,2025-05-03,DASHEN,Google Play,neutral,NEGATIVE,nice app especially GUI get error send dashen bank receipter SMS notification
yes i want dashen super open,5,2025-05-02,DASHEN,Google Play,positive,POSITIVE,yes want dashen super open
Best App,5,2025-05-02,DASHEN,Google Play,positive,POSITIVE,Best App
faster than this version,5,2025-05-01,DASHEN,Google Play,neutral,POSITIVE,fast version
"Best UI mobile banking app, props to design team",5,2025-04-30,DASHEN,Google Play,positive,POSITIVE,"good UI mobile banking app , prop design team"
thank you,4,2025-04-30,DASHEN,Google Play,positive,POSITIVE,thank
great app,5,2025-04-30,DASHEN,Google Play,positive,POSITIVE,great app
bad.,1,2025-04-30,DASHEN,Google Play,negative,NEGATIVE,bad .
Dashen bank always one step ahead,5,2025-04-30,DASHEN,Google Play,neutral,POSITIVE,dashen bank step ahead
dashen super app is secure band very easy,5,2025-04-29,DASHEN,Google Play,positive,POSITIVE,dashen super app secure band easy
It is very fast and secured mobile banking app! I like this app!,5,2025-04-29,DASHEN,Google Play,positive,POSITIVE,fast secure mobile banking app ! like app !
best app I have ever seen,5,2025-04-29,DASHEN,Google Play,positive,POSITIVE,good app see
best of best,5,2025-04-29,DASHEN,Google Play,positive,POSITIVE,good good
waw,5,2025-04-28,DASHEN,Google Play,neutral,NEGATIVE,waw
best app,5,2025-04-28,DASHEN,Google Play,positive,POSITIVE,good app
Its slow when i try to see the Recent Transaction and stucked,1,2025-04-28,DASHEN,Google Play,neutral,NEGATIVE,slow try Recent Transaction stucke
wowslnwoooo wowwww amazing !!!!!!!!,5,2025-04-28,DASHEN,Google Play,positive,POSITIVE,wowslnwoooo wowwww amazing ! ! ! ! ! ! ! !
wow appl,5,2025-04-28,DASHEN,Google Play,positive,POSITIVE,wow appl
why do i have to change a pin number i use my finger print so dummy,1,2025-04-27,DASHEN,Google Play,positive,NEGATIVE,change pin number use finger print dummy
very nice,5,2025-04-26,DASHEN,Google Play,positive,POSITIVE,nice
great,4,2025-04-26,DASHEN,Google Play,positive,POSITIVE,great
"It is very slow and it lacks many features to be a super app. High rating is given by their employees, not by the customers.",1,2025-04-25,DASHEN,Google Play,positive,NEGATIVE,"slow lack feature super app . high rating give employee , customer ."
"Smooth and secure experience transfers, bill payments, and tracking expenses are all effortless. The intuitive design makes banking on the go.",5,2025-04-24,DASHEN,Google Play,positive,POSITIVE,"smooth secure experience transfer , bill payment , tracking expense effortless . intuitive design make banking ."
Very easy and Fast.,5,2025-04-24,DASHEN,Google Play,positive,POSITIVE,easy fast .
Incomparably user-friendly and fast app for mobile banking.,5,2025-04-24,DASHEN,Google Play,neutral,NEGATIVE,incomparably user - friendly fast app mobile banking .
"there is nothing super about this app, repeatedly failed transaction and wastes customer valuable time. if you have to do system upgrade do it at a time when there is less traffic demand. your Technical difficulty should not be reflected on customer.",2,2025-04-24,DASHEN,Google Play,negative,NEGATIVE,"super app , repeatedly fail transaction waste customer valuable time . system upgrade time traffic demand . technical difficulty reflect customer ."
execellent,5,2025-04-24,DASHEN,Google Play,neutral,NEGATIVE,execellent
"This super app is a total game-changer‚Äîfast, reliable, and packed with everything I need in one place. It‚Äôs seamless and super convenient. Love it!""",5,2025-04-23,DASHEN,Google Play,positive,POSITIVE,"super app total game - changer ‚Äî fast , reliable , pack need place . seamless super convenient . love ! """
All in One ‚úçÔ∏èsecure ‚úçÔ∏èreliable ‚úçÔ∏èconvenient. Digital banking game changer!!,5,2025-04-23,DASHEN,Google Play,neutral,NEGATIVE,‚úç Ô∏èsecure ‚úç Ô∏èreliable ‚úç Ô∏èconvenient . digital banking game changer ! !
it is incredible product.,5,2025-04-23,DASHEN,Google Play,neutral,POSITIVE,incredible product .
"I'm really impressed with this app! It‚Äôs user-friendly, runs smoothly, and has all the features I need. Makes my tasks so much easier and saves me a lot of time. Highly recommended!",5,2025-04-23,DASHEN,Google Play,positive,POSITIVE,"impressed app ! user - friendly , run smoothly , feature need . make task easy save lot time . highly recommend !"
ok,5,2025-04-23,DASHEN,Google Play,positive,POSITIVE,ok
"It's an amazing app, experience it!!",5,2025-04-23,DASHEN,Google Play,positive,POSITIVE,"amazing app , experience ! !"
This is the best banking app ever. I recommend everyone to use it.,5,2025-04-23,DASHEN,Google Play,positive,POSITIVE,good banking app . recommend use .
It is the best application!!!,5,2025-04-22,DASHEN,Google Play,positive,POSITIVE,good application ! ! !
"Exceptional digital experience, SupperApp will bring new paradigm shift in the banking business. Bravo Dashen keep it up!!!!",5,2025-04-22,DASHEN,Google Play,neutral,POSITIVE,"exceptional digital experience , SupperApp bring new paradigm shift banking business . Bravo Dashen ! ! ! !"
its features are so dynamic,5,2025-04-22,DASHEN,Google Play,positive,POSITIVE,feature dynamic
fast &Friendly user Application.,5,2025-04-22,DASHEN,Google Play,positive,POSITIVE,fast & Friendly user Application .
"Fast, Reliable and User Friendly. Keep it Up",5,2025-04-22,DASHEN,Google Play,positive,POSITIVE,"fast , Reliable User Friendly ."
"#dashen super app is easy to use, secure & fast transactionüòç",5,2025-04-22,DASHEN,Google Play,positive,POSITIVE,"# dashen super app easy use , secure & fast transaction üòç"
i love this app esp 3 click that make e-commerce easier and convinient.,5,2025-04-22,DASHEN,Google Play,positive,POSITIVE,love app esp 3 click e - commerce easy convinient .
Dashen Super App contains extended selections for customers and can be easily accessible and also friendly to use.,5,2025-04-22,DASHEN,Google Play,positive,POSITIVE,Dashen Super App contain extend selection customer easily accessible friendly use .
Great for everyday banking and payments on the go,5,2025-04-22,DASHEN,Google Play,positive,POSITIVE,great everyday banking payment
"""Dashen Super App'' is impressive with its focus on simplicity, speed, and quality. The user interface is clean and easy to understand. Transactions process quickly, and the overall quality of the app is top-notch. A must-have for Dashen Bank customers. ·ã≥·à∏·äï ·â£·äï·ä≠ ·ä†·äï·ãµ ·ä•·à≠·àù·åÉ ·âÄ·ã≥·àö·ç¢",5,2025-04-22,DASHEN,Google Play,positive,POSITIVE,""" Dashen Super App '' impressive focus simplicity , speed , quality . user interface clean easy understand . transaction process quickly , overall quality app - notch . - Dashen Bank customer . ·ã≥·à∏·äï ·â£·äï·ä≠ ·ä†·äï·ãµ ·ä•·à≠·àù·åÉ ·âÄ·ã≥·àö·ç¢"
making transactions has never been easier. the new update is just amazing,5,2025-04-22,DASHEN,Google Play,positive,POSITIVE,make transaction easy . new update amazing
"The app has various usefull functions, which make easy the payment system. Also, it will connect with sellers having reasonable prices.",5,2025-04-22,DASHEN,Google Play,positive,POSITIVE,"app usefull function , easy payment system . , connect seller have reasonable price ."
The app has great user interface with comprehensive payments and E-commerce platforms. And also it includes unique features such as chat Banking and budget.,5,2025-04-22,DASHEN,Google Play,positive,POSITIVE,app great user interface comprehensive payment e - commerce platform . include unique feature chat Banking budget .
betam mirt Ena betam le atikakem kelel Yale Ena michu application nw,5,2025-04-22,DASHEN,Google Play,neutral,NEGATIVE,betam mirt Ena betam le atikakem kelel Yale Ena michu application nw
Convenient!,5,2025-04-22,DASHEN,Google Play,neutral,POSITIVE,convenient !
It is an amazing application that meets the needs of customers.,5,2025-04-22,DASHEN,Google Play,positive,POSITIVE,amazing application meet need customer .
Effecting payment via the app has created convenience to the recipients in easily confirming the payments received!,5,2025-04-22,DASHEN,Google Play,positive,POSITIVE,effecting payment app create convenience recipient easily confirm payment receive !
the best Supper App ever,5,2025-04-22,DASHEN,Google Play,positive,POSITIVE,good Supper App
"This is the best app ever, when is it planned to include digital lending and gasification?",5,2025-04-22,DASHEN,Google Play,positive,POSITIVE,"good app , plan include digital lending gasification ?"
"A powerful, local solution that rivals any global app. I love how easy it is to explore services and products.",5,2025-04-22,DASHEN,Google Play,positive,POSITIVE,"powerful , local solution rival global app . love easy explore service product ."
Dashen bank is my number one choice,5,2025-04-22,DASHEN,Google Play,positive,POSITIVE,dashen bank number choice
Assefa Genetu = Dashen superup is the latest and inclussive .I am happy with this super up.,5,2025-04-22,DASHEN,Google Play,positive,POSITIVE,Assefa Genetu = dashen superup late inclussive .I happy super .
"The App is incredibly user-friendly and brings multiple services into one place. It's fast, intuitive, and makes daily tasks super convenient. A true all-in-one solution!",5,2025-04-21,DASHEN,Google Play,positive,POSITIVE,"App incredibly user - friendly bring multiple service place . fast , intuitive , make daily task super convenient . true - - solution !"
"Proudly made in Ethiopia, this innovation delivers more than promised. The marketplace is a major boost for local commerce",5,2025-04-21,DASHEN,Google Play,positive,POSITIVE,"proudly Ethiopia , innovation deliver promise . marketplace major boost local commerce"
it so fanrastic and user friendly app. Bravo Dashen bank thanks.,5,2025-04-21,DASHEN,Google Play,positive,POSITIVE,fanrastic user friendly app . Bravo Dashen bank thank .
"one of the best digital platforms I've used! from smooth transactions to a seamless shopping experience, highly recommended.",5,2025-04-21,DASHEN,Google Play,positive,POSITIVE,"good digital platform ! smooth transaction seamless shopping experience , highly recommend ."
A proudly Ethiopia innovation that delivers beyond expectations. The marketplace feature is a big win for local shoppers bnd sellers,5,2025-04-21,DASHEN,Google Play,positive,POSITIVE,proudly Ethiopia innovation deliver expectation . marketplace feature big win local shopper bnd seller
"Dashen Super App is a game-changer! It‚Äôs fast, user-friendly, and packed with features that make everyday banking and transactions super convenient. I love how everything I need from mobile banking to utility payments is all in one place. The interface is clean, and everything works smoothly. Definitely one of the best apps out there. Highly recommended!",5,2025-04-21,DASHEN,Google Play,positive,POSITIVE,"Dashen Super App game - changer ! fast , user - friendly , pack feature everyday banking transaction super convenient . love need mobile banking utility payment place . interface clean , work smoothly . definitely good app . highly recommend !"
Easy to use and has many options. It is the best financial app I have ever used.,5,2025-04-21,DASHEN,Google Play,positive,POSITIVE,easy use option . good financial app .
"Highly impressed! Dash Bank really nailed it with this app. Secure, reliable, and packed with features I use daily",5,2025-04-21,DASHEN,Google Play,positive,POSITIVE,"highly impressed ! Dash Bank nail app . secure , reliable , pack feature use daily"
"One of the best digital platforms I‚Äôve used! From smooth transactions to a seamless shopping experience, Highly recommended",5,2025-04-21,DASHEN,Google Play,positive,POSITIVE,"good digital platform ! smooth transaction seamless shopping experience , highly recommend"
"This app has everything I was looking for, dashen is becoming a grandmaster.",5,2025-04-21,DASHEN,Google Play,neutral,POSITIVE,"app look , dashen grandmaster ."
Very convenient,5,2025-04-21,DASHEN,Google Play,neutral,POSITIVE,convenient
"The user experience is seamless, and everything just works perfectly right out of the box. I can‚Äôt believe how much time and effort it saves me every day.",5,2025-04-21,DASHEN,Google Play,positive,POSITIVE,"user experience seamless , work perfectly right box . believe time effort save day ."
wawwwww what nice super app !!keep it up dashen bank !!,5,2025-04-21,DASHEN,Google Play,positive,POSITIVE,wawwwww nice super app ! ! dashen bank ! !
"Dashen SuperApp the ultimate all-in-one solution! From banking and shopping to bill payments, everything you need is right at your fingertips. Life just got a whole lot easier!",5,2025-04-21,DASHEN,Google Play,positive,POSITIVE,"dashen SuperApp ultimate - - solution ! banking shop bill payment , need right fingertip . life get lot easy !"
"It is,really super because of its unique offerings to individuals and businesses.It is a secure UX first app intended to cater comprehensive digital meeds.I am also happy to know that Dashen is considering to make the app more inclusive by lowering the mobile version requirements .",5,2025-04-21,DASHEN,Google Play,positive,POSITIVE,", super unique offering individual business . secure UX app intend cater comprehensive digital meed . happy know Dashen consider app inclusive lower mobile version requirement ."
"the very easy, secured, fast and multifunctional dashen supper application I ever seen. dashen really one steps ahead!!!",5,2025-04-21,DASHEN,Google Play,positive,POSITIVE,"easy , secured , fast multifunctional dashen supper application see . dashen step ahead ! ! !"
"One app for everything! I can shop, manage my bank account , and do so much more . Truly a super app",5,2025-04-21,DASHEN,Google Play,positive,POSITIVE,"app ! shop , manage bank account , . truly super app"
one of the best digital platforms I‚Äôve used! From smooth transactions to a seamless shopping experie,5,2025-04-21,DASHEN,Google Play,positive,POSITIVE,good digital platform ! smooth transaction seamless shopping experie
"Dashen Bank super App is the most suitable, reliable, and fast digital banking system.",5,2025-04-21,DASHEN,Google Play,positive,POSITIVE,"Dashen Bank super App suitable , reliable , fast digital banking system ."
Excellent app.,5,2025-04-21,DASHEN,Google Play,positive,POSITIVE,excellent app .
This is what we call banking app. As professional I want banking app as simple as this and an app rich of features that align with my lifestyle.,5,2025-04-21,DASHEN,Google Play,positive,POSITIVE,banking app . professional want banking app simple app rich feature align lifestyle .
thanks again,5,2025-04-21,DASHEN,Google Play,positive,POSITIVE,thank
Super Easy To Use and Fast Transaction.,5,2025-04-21,DASHEN,Google Play,positive,POSITIVE,Super Easy use Fast Transaction .
"I have an incredible experience with Dashen super app, what an amazing platform is it?. keep pioneering in technological advancement üëèüëèüëè",5,2025-04-21,DASHEN,Google Play,positive,POSITIVE,"incredible experience dashen super app , amazing platform ? . pioneer technological advancement üëè üëè üëè"
"i can't recommend the Dashen Super App enough! This app is truly a game changer for anyone looking for a seamless and efficient way to manage their daily life. It combines multiple essential services into one easy-to-use platform, saving time and simplifying tasks The user interface is modern, intuitive, and super responsive, making navigation a breeze. Whether it's banking, payment services, or accessing lifestyle features, everything is just a few clicks away!!",5,2025-04-21,DASHEN,Google Play,positive,POSITIVE,"recommend Dashen Super App ! app truly game changer look seamless efficient way manage daily life . combine multiple essential service easy - - use platform , save time simplify task user interface modern , intuitive , super responsive , make navigation breeze . banking , payment service , access lifestyle feature , click away ! !"
"The app is incredibly handy for managing multiple financial tasks, from bill payments to managing budgets. It‚Äôs saved me a lot of time and made banking way more convenient. Definitely worth checking out!",5,2025-04-21,DASHEN,Google Play,positive,POSITIVE,"app incredibly handy manage multiple financial task , bill payment manage budget . save lot time banking way convenient . definitely worth check !"
what an App,5,2025-04-21,DASHEN,Google Play,neutral,POSITIVE,App
The new e-commerce feature is incredibly amazing and user friendly.,5,2025-04-21,DASHEN,Google Play,positive,POSITIVE,new e - commerce feature incredibly amazing user friendly .
"dashen bank supper app is the most easy to use and have high speed,quality and I like features like chat,budget,fuel payment, and security for my opinion this product is techonolgy edge,this international standard thanks for product oweners (dashen bank)",3,2025-04-21,DASHEN,Google Play,positive,POSITIVE,"dashen bank supper app easy use high speed , quality like feature like chat , budget , fuel payment , security opinion product techonolgy edge , international standard thank product owener ( dashen bank )"
"The Dashen supperapp is a revolutionary advancement in digital banking, combining exceptional usability, an intuitive interface and a seamless user experience. among its standout features are the integration of QR codes, account statement, transaction advise, chat, transaction authentication for limit thresholds, budgeting and different app in a single dashboard. Truly ahead of the curve ..... keep up the excellent work ü§ùüëè",5,2025-04-21,DASHEN,Google Play,positive,POSITIVE,"dashen supperapp revolutionary advancement digital banking , combine exceptional usability , intuitive interface seamless user experience . standout feature integration QR code , account statement , transaction advise , chat , transaction authentication limit threshold , budgeting different app single dashboard . truly ahead curve ..... excellent work ü§ù üëè"
"A proudly Ethiopian innovation that delivers beyond expectations. The marketplace feature is a big win for local shoppers and sellers. Very impressed with the new updates, The e-commerce section is smooth and supports Ethiopian merchants!",5,2025-04-21,DASHEN,Google Play,positive,POSITIVE,"proudly ethiopian innovation deliver expectation . marketplace feature big win local shopper seller . impressed new update , e - commerce section smooth support ethiopian merchant !"
"Very impressed with the new updates, The e-commerce section is smooth and supports Ethiopian merchants.",5,2025-04-21,DASHEN,Google Play,positive,POSITIVE,"impressed new update , e - commerce section smooth support ethiopian merchant ."
"Dashen Bank Super App is fast, reliable, and super easy to use. All my banking needs are handled smoothly in one place. Clean design and seamless experience ‚Äì highly recommended!",5,2025-04-21,DASHEN,Google Play,positive,POSITIVE,"Dashen Bank Super App fast , reliable , super easy use . banking need handle smoothly place . clean design seamless experience ‚Äì highly recommend !"
"Db sup app is A platform or an application that can grasp more satisfactions through fastest mode of operation which means for budget planning, to use QR code(scan, pay, go) chat with staff, acc to acc other bank ft, merchant payment, and easly. I addition to i satisfied and i invite everyone to use those platform!!.",5,2025-04-21,DASHEN,Google Play,positive,POSITIVE,"Db sup app platform application grasp satisfaction fast mode operation mean budget planning , use QR code(scan , pay , ) chat staff , acc acc bank ft , merchant payment , easly . addition satisfied invite use platform ! ! ."
the chat banking and unique and only app that alow money request!!,5,2025-04-21,DASHEN,Google Play,neutral,NEGATIVE,chat banking unique app alow money request ! !
Better and inclusive app!,5,2025-04-21,DASHEN,Google Play,positive,POSITIVE,better inclusive app !
Amazing Application,5,2025-04-21,DASHEN,Google Play,positive,POSITIVE,Amazing application
It keep my time to pay my bills and I generate my satment easily,5,2025-04-21,DASHEN,Google Play,positive,POSITIVE,time pay bill generate satment easily
"It's an amazing app that is up-to-date with the times, wow wow",5,2025-04-21,DASHEN,Google Play,positive,POSITIVE,"amazing app - - date time , wow wow"
A game-changing Ethiopian innovation‚Äîwhere shopping meets opportunity. The marketplace feature connects buyers and sellers like never before.,5,2025-04-21,DASHEN,Google Play,positive,POSITIVE,game - change ethiopian innovation ‚Äî shopping meet opportunity . marketplace feature connect buyer seller like .
"Dashen Super App isn‚Äôt just an app ‚Äî it‚Äôs an experience. Effortless, powerful, and built for the future",5,2025-04-21,DASHEN,Google Play,positive,POSITIVE,"Dashen Super App app ‚Äî experience . effortless , powerful , build future"
"This Is An Amazing App with Uniqe Quality,Easy And Fast Mobile Banking App.",5,2025-04-21,DASHEN,Google Play,positive,POSITIVE,"Amazing App Uniqe Quality , Easy Fast Mobile Banking App ."
"Dashen SuperApp is a lifesaver! Banking, shopping, and bills in one super easy app. The new e-commerce feature is awesome and supports local merchants. Fast, secure, and proudly Ethiopian.Download it now‚Äîyou won‚Äôt regret it!",5,2025-04-21,DASHEN,Google Play,positive,POSITIVE,"Dashen SuperApp lifesaver ! banking , shopping , bill super easy app . new e - commerce feature awesome support local merchant . fast , secure , proudly ethiopian . Download ‚Äî will regret !"
"Dashen SuperApp blends finance, shopping, and daily services effortlessly. The new e-commerce feature is smooth and supports local merchants‚Äîproud to back an Ethiopian-made solution!",5,2025-04-21,DASHEN,Google Play,positive,POSITIVE,"Dashen SuperApp blend finance , shopping , daily service effortlessly . new e - commerce feature smooth support local merchant ‚Äî proud Ethiopian - solution !"
"A solid step forward by Dashen Bank. The SuperApp combines essential banking features with lifestyle services, making everything accessible in one place. The interface is smooth, and transactions are quick and reliable. It‚Äôs clear a lot of thought went into the design and functionality. Great job!",5,2025-04-21,DASHEN,Google Play,positive,POSITIVE,"solid step forward Dashen Bank . SuperApp combine essential banking feature lifestyle service , make accessible place . interface smooth , transaction quick reliable . clear lot thought go design functionality . great job !"
Dashen bank super app is the crucial and convenient app in Ethiopia. there is no other app to compare with Dashen bank super app,5,2025-04-21,DASHEN,Google Play,positive,POSITIVE,dashen bank super app crucial convenient app Ethiopia . app compare Dashen bank super app
"All-in-one finance & e-commerce super app! Pay, save, shop seamlessly. Fast, secure. #BankAndShop",5,2025-04-21,DASHEN,Google Play,positive,POSITIVE,"- - finance & e - commerce super app ! pay , save , shop seamlessly . fast , secure . # bankandshop"
it's a hestorical app. in the bank industry.,5,2025-04-21,DASHEN,Google Play,neutral,NEGATIVE,hestorical app . bank industry .
"A game changer in Ethiopian digital banking fast, secure, and packed with services. Everything you need, all in one powerful app. A true leap toward financial convenience and innovation!",4,2025-04-21,DASHEN,Google Play,positive,POSITIVE,"game changer ethiopian digital banking fast , secure , pack service . need , powerful app . true leap financial convenience innovation !"
"easy &,simple to use",5,2025-04-21,DASHEN,Google Play,positive,POSITIVE,"easy & , simple use"
"Banking, but make it smart. Local solutions, all in one place. Smooth, fast, and actually saving time. Feels like the future. Love it!",5,2025-04-21,DASHEN,Google Play,positive,POSITIVE,"banking , smart . local solution , place . smooth , fast , actually save time . feel like future . love !"
"All in one, that is it üëå",5,2025-04-21,DASHEN,Google Play,positive,POSITIVE,", üëå"
", Dashen Bank Supper App is multipurpose, convenient, very attractive and Make life easier",5,2025-04-21,DASHEN,Google Play,positive,POSITIVE,", Dashen Bank Supper App multipurpose , convenient , attractive life easy"
very easy and flexible app.,5,2025-04-21,DASHEN,Google Play,positive,POSITIVE,easy flexible app .
"I choose Dashen Bank Super Up since, it is easy to use & it has attractive features !",5,2025-04-21,DASHEN,Google Play,positive,POSITIVE,"choose Dashen Bank Super , easy use & attractive feature !"
dashen super app is simple faster and reliable.,5,2025-04-21,DASHEN,Google Play,positive,POSITIVE,dashen super app simple fast reliable .
"Dashen Bank Super App is a game-changer! The user-friendly design, wide range of services, and smooth performance make it incredibly convenient for everyday banking. It‚Äôs fast, secure, and truly reflects the bank‚Äôs commitment to digital excellence. Highly recommended!",5,2025-04-21,DASHEN,Google Play,positive,POSITIVE,"Dashen Bank Super App game - changer ! user - friendly design , wide range service , smooth performance incredibly convenient everyday banking . fast , secure , truly reflect bank commitment digital excellence . highly recommend !"
"The app keeps getting better with every update! Smooth performance, great UI, and top-notch security. Thank you for making banking so convenient!""",5,2025-04-21,DASHEN,Google Play,positive,POSITIVE,"app keep get well update ! smooth performance , great UI , - notch security . thank make banking convenient ! """
this app is the most simply to use and secure safe i love it to use for any bank transaction,5,2025-04-21,DASHEN,Google Play,positive,POSITIVE,app simply use secure safe love use bank transaction
"After i download the app recently had a smooth expriance, its user friendly, fast, and everything works as expected. keep up the good work.",5,2025-04-21,DASHEN,Google Play,positive,POSITIVE,"download app recently smooth expriance , user friendly , fast , work expect . good work ."
An app with High performance and advanced features!,5,2025-04-21,DASHEN,Google Play,positive,POSITIVE,app high performance advanced feature !
"It is a very user friendly, attractive user interface, full of useful features. I really encourage everyone to give it a try.",5,2025-04-21,DASHEN,Google Play,positive,POSITIVE,"user friendly , attractive user interface , useful feature . encourage try ."
"Good actually , but it have to WORK when developer option is on üôè",5,2025-04-21,DASHEN,Google Play,positive,NEGATIVE,"good actually , work developer option üôè"
"All-in-one convenience, From managing accounts to paying bills and shopping online and the chat banking is game changer, this app does it all seamlessly.",5,2025-04-21,DASHEN,Google Play,neutral,POSITIVE,"- - convenience , manage account pay bill shop online chat banking game changer , app seamlessly ."
I appreciate that Dashen Bank takes lifestyle services into account.,5,2025-04-21,DASHEN,Google Play,positive,POSITIVE,appreciate Dashen Bank take lifestyle service account .
keep it up!,5,2025-04-21,DASHEN,Google Play,neutral,POSITIVE,!
amazing app really i loved it .that's why we say dashen bank is one stap ahead. It's the best mobile application that should be on every phone.,5,2025-04-21,DASHEN,Google Play,positive,POSITIVE,amazing app love .that dashen bank stap ahead . good mobile application phone .
very comfortable app keep it,5,2025-04-21,DASHEN,Google Play,positive,POSITIVE,comfortable app
it has clear detail information about the application so it helps customer how to use the app. and it is very easy to use and also app is secure.,5,2025-04-21,DASHEN,Google Play,positive,POSITIVE,clear detail information application help customer use app . easy use app secure .
"I have been using the Dashen Supper app mobile banking app , and overall, I appreciate its features.However,I‚Äôve noticed that when I turn on the developer options on my device, the app stops functioning properly. It would be great if you could look into this issue, as I often need to access developer settings for other applications . Thank you for your attention to this matter!",5,2025-04-21,DASHEN,Google Play,positive,NEGATIVE,"Dashen Supper app mobile banking app , overall , appreciate feature . , I‚Äôve notice turn developer option device , app stop function properly . great look issue , need access developer setting application . thank attention matter !"
easiness to use with fast response time,5,2025-04-21,DASHEN,Google Play,positive,NEGATIVE,easiness use fast response time
"The new mobile banking application is a major upgrade! It‚Äôs incredibly user-friendly, with a clean and modern design that makes navigation simple and intuitive. I really appreciate how fast it loads and how smooth the overall experience is. All essential services like balance checks, transfers, and bill payments are eas y to find and use. The added security features give me peace of mind, and the app runs reliably without crashes or glitches. It‚Äôs clear a lot of thought went into the user experi",5,2025-04-21,DASHEN,Google Play,positive,POSITIVE,"new mobile banking application major upgrade ! incredibly user - friendly , clean modern design make navigation simple intuitive . appreciate fast load smooth overall experience . essential service like balance check , transfer , bill payment ea y find use . add security feature peace mind , app run reliably crash glitch . clear lot thought go user experi"
"As an Internal Customer, Dashen Bank SuperApp has greatly simplified my online banking experience. It's easy to use, allowing me to quickly check balances, transfer money and pay Bills. The app's advanced security features are highly secure, ensuring my data is well protected. The Three click, Chat Banking and IPS features have also given me a smarter experience. In deed Dashen Bank is always steping ahead!",5,2025-04-21,DASHEN,Google Play,positive,POSITIVE,"Internal Customer , Dashen Bank SuperApp greatly simplify online banking experience . easy use , allow quickly check balance , transfer money pay bill . app advanced security feature highly secure , ensure data protect . click , Chat Banking IPS feature give smart experience . deed Dashen Bank step ahead !"
"A truly impressive app ‚Äî user-friendly and a game-changer in Ethiopian banking. The Dashen Super App stands out as one of the most innovative and convenient digital banking solutions in Ethiopia‚Äôs financial history. Smooth navigation, seamless features, and a wide range of services all in one place. Well done!",5,2025-04-21,DASHEN,Google Play,positive,POSITIVE,"truly impressive app ‚Äî user - friendly game - changer ethiopian banking . Dashen Super App stand innovative convenient digital banking solution Ethiopia financial history . smooth navigation , seamless feature , wide range service place . !"
dashen bank super up has very fast and convenience and also it has contain more things on one app .I am very interesting to use dashen bank super up,5,2025-04-21,DASHEN,Google Play,positive,POSITIVE,dashen bank super fast convenience contain thing app .I interesting use dashen bank super
"The Dashen Bank Super App has truly elevated my mobile banking experience. It's fast, user-friendly, and packed with all the essential features. The interface is clean and intuitive, making navigation easy even for first-time users. I also appreciate the added security features that give me peace of mind while banking on the go. Dashen Bank has done an amazing job with this app‚Äîit‚Äôs reliable, efficient, and always improving. Highly recommended for anyone looking for seamless digital banking!",5,2025-04-21,DASHEN,Google Play,positive,POSITIVE,"Dashen Bank Super App truly elevate mobile banking experience . fast , user - friendly , pack essential feature . interface clean intuitive , make navigation easy - time user . appreciate add security feature peace mind bank . Dashen Bank amazing job app ‚Äî reliable , efficient , improve . highly recommend look seamless digital banking !"
A fantastic product!! keep the good work.,5,2025-04-21,DASHEN,Google Play,positive,POSITIVE,fantastic product ! ! good work .
"I am very impressed with the Dashen super app. It is user-friendly and operates efficiently. The budget and chatbot features are impressive, and all items can be purchased with just three clicks.",5,2025-04-21,DASHEN,Google Play,positive,POSITIVE,"impressed dashen super app . user - friendly operate efficiently . budget chatbot feature impressive , item purchase click ."
"The Dashen Super App offers a quick and user-friendly experience, bringing together a variety of services, like budgeting, payments, airtime recharges, and more, all in one convenient platform. Its sleek design and intuitive navigation ensure effortless transactions. It's evident that Dashen Bank has carefully crafted the app to make everyday financial activities easier. A great choice for anyone aiming to streamline their digital routines!",5,2025-04-21,DASHEN,Google Play,positive,POSITIVE,"Dashen Super App offer quick user - friendly experience , bring variety service , like budgeting , payment , airtime recharge , , convenient platform . sleek design intuitive navigation ensure effortless transaction . evident Dashen Bank carefully craft app everyday financial activity easy . great choice aim streamline digital routine !"
Dashen supper App is the most useful app for our customers,5,2025-04-21,DASHEN,Google Play,positive,POSITIVE,dashen supper App useful app customer
it is the most amazing mobile app,5,2025-04-21,DASHEN,Google Play,positive,POSITIVE,amazing mobile app
A Good and fast supper app thanks for dashen bank,5,2025-04-21,DASHEN,Google Play,positive,POSITIVE,good fast supper app thank dashen bank
"Dear Users of the Dashen Bank Super App,I have been using the Dashen Bank Super App for a while now, and I must say‚Äîit‚Äôs truly a game-changer! The app is incredibly fast and reliable; I‚Äôve never encountered any delays with my transactions. One feature I absolutely love is Chat Banking. It makes everyday tasks like checking my balance or transferring money as simple as sending a quick message. Also, the budgeting tool has been a huge help in tracking my spending and giving me a clearer",5,2025-04-21,DASHEN,Google Play,positive,POSITIVE,"dear Users Dashen Bank Super App , Dashen Bank Super App , ‚Äî truly game - changer ! app incredibly fast reliable ; encounter delay transaction . feature absolutely love Chat Banking . make everyday task like check balance transfer money simple send quick message . , budgeting tool huge help track spending give clear"
Too best,1,2025-04-21,DASHEN,Google Play,positive,POSITIVE,well
"Dashen Bank Super Up,use the app and makes your easy,fast,convinent.",5,2025-04-21,DASHEN,Google Play,positive,POSITIVE,"Dashen Bank Super , use app make easy , fast , convinent ."
To join digital world use supper app and make your life easy,5,2025-04-21,DASHEN,Google Play,positive,POSITIVE,join digital world use supper app life easy
best mobile banking application,5,2025-04-21,DASHEN,Google Play,positive,POSITIVE,good mobile banking application
"This banking superapp is incredibly well designed. The design and appearance of the app and the overall experience I have when using the app is fantastic. The app is packed with features from banking to e-commerce all in one place.It even has a budget setting option which is super useful for managing my money. Everything runs smoothly and I love how convenient it has made my daily life. Huge Kudos to Dashen Bank. You are truly living up to the motto ''Always one step ahead."" Keep it up!",5,2025-04-21,DASHEN,Google Play,positive,POSITIVE,"banking superapp incredibly design . design appearance app overall experience app fantastic . app pack feature banking e - commerce place . budget setting option super useful manage money . run smoothly love convenient daily life . huge kudo Dashen Bank . truly live motto '' step ahead . "" !"
I was really amazed by the idea of an e-commerce service on a banking app. This is what it means to be one step ahead. Please include all kinds of products in there as soon as possible.,5,2025-04-21,DASHEN,Google Play,positive,POSITIVE,amazed idea e - commerce service banking app . mean step ahead . include kind product soon possible .
this is what we expect to get service Dashen Bank always like his slogan,5,2025-04-21,DASHEN,Google Play,positive,NEGATIVE,expect service Dashen Bank like slogan
"Dashen SupApp is the most contemporary application, offering a great experience by enabling users to perform multiple tasks through a single platform‚Äîsuch as chatting with friends, transferring money, paying bills, and more. It is the first app of its kind in the Ethiopian banking industry, making it a remarkable opportunity for entrepreneurs working in app-based sales and software marketing. Good job, Dashen Bank!",5,2025-04-21,DASHEN,Google Play,positive,POSITIVE,"dashen SupApp contemporary application , offer great experience enable user perform multiple task single platform ‚Äî chat friend , transfer money , pay bill , . app kind ethiopian banking industry , make remarkable opportunity entrepreneur work app - base sale software marketing . good job , Dashen Bank !"
Dashen Super App gives me an amazing convenience and makes life easy.,5,2025-04-21,DASHEN,Google Play,positive,POSITIVE,Dashen Super App give amazing convenience make life easy .
excellent mobile banking app,5,2025-04-21,DASHEN,Google Play,positive,POSITIVE,excellent mobile banking app
Wow! like his name Super App...,5,2025-04-21,DASHEN,Google Play,positive,POSITIVE,wow ! like Super App ...
Dashen supper app is the most special. ·ã≠·àù·âæ·â± ·ã≠·àà·ã´·ã´·àç!!!!,5,2025-04-21,DASHEN,Google Play,positive,POSITIVE,dashen supper app special . ·ã≠·àù·âæ·â± ·ã≠·àà·ã´·ã´·àç ! ! ! !
convenient and fast,5,2025-04-21,DASHEN,Google Play,neutral,POSITIVE,convenient fast
Best- in-class app.,5,2025-04-21,DASHEN,Google Play,positive,POSITIVE,best- - class app .
I really like this amazing application and Dashen Supper app that has made my life easier.,5,2025-04-21,DASHEN,Google Play,positive,POSITIVE,like amazing application Dashen Supper app life easy .
Superb,5,2025-04-21,DASHEN,Google Play,positive,POSITIVE,superb
"amazing features, faster and easy to use",5,2025-04-21,DASHEN,Google Play,positive,POSITIVE,"amazing feature , fast easy use"
"The Dashen Super App offers a modern, user-friendly experience that leverages the latest technological advancements to deliver a seamless e-commerce platform",5,2025-04-21,DASHEN,Google Play,positive,POSITIVE,"Dashen Super App offer modern , user - friendly experience leverage late technological advancement deliver seamless e - commerce platform"
Best App!,5,2025-04-21,DASHEN,Google Play,positive,POSITIVE,Best App !
I love it. one of the best mobile banking app in the banking industry,5,2025-04-21,DASHEN,Google Play,positive,POSITIVE,love . good mobile banking app banking industry
I love this app,5,2025-04-21,DASHEN,Google Play,positive,POSITIVE,love app
no working for me hulum information asgebiche continue or accept yemilew button ayeseram my phone is Samsung A51,1,2025-04-21,DASHEN,Google Play,positive,NEGATIVE,working hulum information asgebiche continue accept yemilew button ayeseram phone Samsung A51
waw no idea the best app.,5,2025-04-19,DASHEN,Google Play,positive,NEGATIVE,waw idea good app .
fast best app,5,2025-04-19,DASHEN,Google Play,positive,POSITIVE,fast good app
Nice App,5,2025-04-18,DASHEN,Google Play,positive,POSITIVE,Nice App
nice app ever,5,2025-04-17,DASHEN,Google Play,positive,POSITIVE,nice app
very disappointing app. Closes frequently and unstable in function,2,2025-04-17,DASHEN,Google Play,negative,NEGATIVE,disappointing app . close frequently unstable function
"Feature-rich? Absolutely. But the speed? Painfully slow. Seriously, is it communicating with a server on Mars or something?",5,2025-04-16,DASHEN,Google Play,negative,NEGATIVE,"feature - rich ? absolutely . speed ? painfully slow . seriously , communicate server Mars ?"
nic app,5,2025-04-16,DASHEN,Google Play,neutral,POSITIVE,nic app
Nice,5,2025-04-16,DASHEN,Google Play,positive,POSITIVE,nice
"The Dashen Super App delivers a remarkably fast, highly secure, and exceptionally user-friendly experience, establishing it as a leading application in its category.keep it up and stay ahead Dashen Bank.",5,2025-04-14,DASHEN,Google Play,positive,POSITIVE,"Dashen Super App deliver remarkably fast , highly secure , exceptionally user - friendly experience , establish lead application category.keep stay ahead Dashen Bank ."
So far so good! their in person customer service is amazing üëè,5,2025-04-14,DASHEN,Google Play,positive,POSITIVE,far good ! person customer service amazing üëè
The app is very backward and doesn't always work. If it works three hours out of 24 hours it's great!üò•,1,2025-04-14,DASHEN,Google Play,positive,NEGATIVE,app backward work . work hour 24 hour great ! üò•
·àù·à≠·å´·ã¨ ·äê·ãç,5,2025-04-13,DASHEN,Google Play,neutral,NEGATIVE,·àù·à≠·å´·ã¨ ·äê·ãç
It's bad for the connection and too many days are it that not working,1,2025-04-12,DASHEN,Google Play,negative,NEGATIVE,bad connection day work
it's samart,5,2025-04-10,DASHEN,Google Play,neutral,POSITIVE,samart
"The app is not working properly, I have been using it.",1,2025-04-10,DASHEN,Google Play,neutral,NEGATIVE,"app work properly , ."
it is very good app,5,2025-04-10,DASHEN,Google Play,positive,POSITIVE,good app
"I had a disappointing experience with Dashen Bank's Super Up service. The app is very slow and takes forever to load during transactions, which is incredibly frustrating. Additionally, it doesn't generate receipts for any transactions, making it difficult to keep track of my expenses. I also reached out to customer support, but the response time was longer than expected. Overall, I was hoping for a better experience, but I find the service lacking and in need of improvement.",2,2025-04-09,DASHEN,Google Play,positive,NEGATIVE,"disappointing experience Dashen Bank Super service . app slow take forever load transaction , incredibly frustrating . additionally , generate receipt transaction , make difficult track expense . reach customer support , response time long expect . overall , hope well experience , find service lacking need improvement ."
slow cumbersome,3,2025-04-08,DASHEN,Google Play,neutral,NEGATIVE,slow cumbersome
Is really üíÄ,2,2025-04-08,DASHEN,Google Play,neutral,POSITIVE,üíÄ
It's slow to send OTP. it's not reliable. It crushed many times. It needs improvement in many ways,1,2025-04-07,DASHEN,Google Play,positive,NEGATIVE,slow send OTP . reliable . crush time . need improvement way
"This is the worst mobile banking experience I‚Äôve ever had. It doesn‚Äôt work when you need it, and it randomly updates itself without warning. You can‚Äôt make transactions whenever you want. It‚Äôs a nightmare for anyone who relies on this as their main banking option, especially those with a lot of money in their account. I‚Äôm lucky I‚Äôm not one of them, but still, it‚Äôs infuriating not being able to access your money when you need it.""l",1,2025-04-07,DASHEN,Google Play,negative,NEGATIVE,"bad mobile banking experience . work need , randomly update warn . transaction want . nightmare rely main banking option , especially lot money account . lucky , , infuriate able access money need . ""l"
"I have experienced on using the app of Banks in Ethiopia, this Dashen sup is like old version of the applications for using. I gave 3 star for it's very low speed while login and processing",3,2025-04-07,DASHEN,Google Play,neutral,NEGATIVE,"experience app Banks Ethiopia , dashen sup like old version application . give 3 star low speed login processing"
proud by dashen bank,5,2025-04-06,DASHEN,Google Play,positive,POSITIVE,proud dashen bank
best,5,2025-04-06,DASHEN,Google Play,positive,POSITIVE,well
This app is not working unless you turn off developer mode on your phone. So it takes your rights to just use it.,2,2025-04-04,DASHEN,Google Play,neutral,NEGATIVE,app work turn developer mode phone . take right use .
real super up,5,2025-04-04,DASHEN,Google Play,positive,POSITIVE,real super
it's very disappointing fix it as soon as possible not expected from dashin bank fix it,1,2025-04-04,DASHEN,Google Play,negative,NEGATIVE,disappointing fix soon possible expect dashin bank fix
why dashen bank workers hidden my ATM Card üèß?it's a big problem to me,5,2025-04-04,DASHEN,Google Play,negative,NEGATIVE,dashen bank worker hide ATM Card üèß ? big problem
tanku,5,2025-04-04,DASHEN,Google Play,neutral,NEGATIVE,tanku
perfect,5,2025-04-03,DASHEN,Google Play,positive,POSITIVE,perfect
goood,5,2025-04-02,DASHEN,Google Play,neutral,NEGATIVE,goood
why does it ask me for both pin and opt even the opt is touch let alone both,2,2025-04-02,DASHEN,Google Play,negative,NEGATIVE,ask pin opt opt touch let
it is best app easy to use,5,2025-04-01,DASHEN,Google Play,positive,POSITIVE,good app easy use
It is very easy to use and powerful application.,3,2025-04-01,DASHEN,Google Play,positive,POSITIVE,easy use powerful application .
this apps have a good feature but but some features like developer mode turn off irritate user,3,2025-04-01,DASHEN,Google Play,positive,NEGATIVE,app good feature feature like developer mode turn irritate user
"This is not only a mobile banking app, it is beyond that. We will access our account easily, we are able to get many information easily here. i.e. exchage rate. We are able to chat with others, we are able to budget, we are able to transfer to other bank and within Dashen. we are able to access many accounts in a single app, we are able to pay bills in QR scan, we are able to make payments and order delivery items here in a single app. #Always one step ahead.",5,2025-03-31,DASHEN,Google Play,positive,POSITIVE,"mobile banking app , . access account easily , able information easily . i.e. exchage rate . able chat , able budget , able transfer bank Dashen . able access account single app , able pay bill QR scan , able payment order delivery item single app . # step ahead ."
wallahi very fantastic Bank,5,2025-03-31,DASHEN,Google Play,positive,POSITIVE,wallahi fantastic Bank
"Waw, It's amazing app. thank you Dashen Bank.",5,2025-03-31,DASHEN,Google Play,positive,POSITIVE,"Waw , amazing app . thank Dashen Bank ."
nice app,5,2025-03-29,DASHEN,Google Play,positive,POSITIVE,nice app
"I‚Äôve been using the Dashen Bank Super App for a while now, and it‚Äôs been a game-changer. The app is super fast and reliable‚ÄîI‚Äôve never had an issue with transactions being delayed. One of my favorite features is the chat banking, which makes it so easy to do things like check my balance or transfer money just by typing a quick message. The budgeting tool is also really useful. It helps me keep track of my spending and gives me a clear picture of where",5,2025-03-28,DASHEN,Google Play,positive,POSITIVE,"Dashen Bank Super App , game - changer . app super fast reliable ‚Äî I‚Äôve issue transaction delay . favorite feature chat banking , make easy thing like check balance transfer money type quick message . budgeting tool useful . help track spending give clear picture"
Very good app that like it too. B/c it is very fast and easy to use.,5,2025-03-26,DASHEN,Google Play,positive,POSITIVE,good app like . B / c fast easy use .
best experiences,5,2025-03-26,DASHEN,Google Play,positive,POSITIVE,good experience
too slow to use.,1,2025-03-26,DASHEN,Google Play,neutral,NEGATIVE,slow use .
·å•·à© ·äê·ãç,5,2025-03-25,DASHEN,Google Play,neutral,NEGATIVE,·å•·à© ·äê·ãç
the worst app in the market only good ui,1,2025-03-22,DASHEN,Google Play,negative,NEGATIVE,bad app market good ui
nic,5,2025-03-22,DASHEN,Google Play,neutral,POSITIVE,nic
·â†·å£·àù ·âÖ·àç·àç ·ã´·àà ·ä†·çï ·â†·à≠·â±·àç·äï ·àà·ä†·å†·âÉ·âÄ·àù ·àù·âπ,5,2025-03-22,DASHEN,Google Play,neutral,NEGATIVE,·â†·å£·àù ·âÖ·àç·àç ·ã´·àà ·ä†·çï ·â†·à≠·â±·àç·äï ·àà·ä†·å†·âÉ·âÄ·àù ·àù·âπ
thanks for all digital transaction,5,2025-03-21,DASHEN,Google Play,positive,POSITIVE,thank digital transaction
Best,5,2025-03-20,DASHEN,Google Play,positive,POSITIVE,well
"This app is not supporting smart phones that have old android version and so it is none inclusive. At the same time the amole lite is not working properly and once you reached to maximum otp trail mistakes due to network or other errors like stacks , you will be tied up to make Transactions. Ohh... tired!!!!!",1,2025-03-20,DASHEN,Google Play,negative,NEGATIVE,"app support smart phone old android version inclusive . time amole lite work properly reach maximum otp trail mistake network error like stack , tie transaction . ohh ... tired ! ! ! ! !"
it's Be Come Busy &not working good,1,2025-03-20,DASHEN,Google Play,negative,NEGATIVE,Come busy & work good
I wanted to share some concerns about your Supper App. It appears to be experiencing reliability issues and isn‚Äôt performing as expected. I hope this can be addressed soon to improve the user experience. One star üåü for now.,1,2025-03-19,DASHEN,Google Play,positive,NEGATIVE,want share concern Supper App . appear experience reliability issue perform expect . hope address soon improve user experience . star üåü .
"best ever digital banking sector essay for understanding ,smart and convince for using",5,2025-03-19,DASHEN,Google Play,positive,POSITIVE,"well digital banking sector essay understanding , smart convince"
good and latest,5,2025-03-18,DASHEN,Google Play,positive,POSITIVE,good late
The best App of all,5,2025-03-17,DASHEN,Google Play,positive,POSITIVE,good App
Worst app ever,1,2025-03-15,DASHEN,Google Play,negative,NEGATIVE,bad app
"This app is the most unreliable mobile banking application I have ever used for transaction, it is very late, non-responsive and full of bugs. Its is very disappointing. It is just inconvinient, and not user friendly and compatabke at all !!!!!!",1,2025-03-14,DASHEN,Google Play,negative,NEGATIVE,"app unreliable mobile banking application transaction , late , non - responsive bug . disappointing . inconvinient , user friendly compatabke ! ! ! ! ! !"
Naiycapp,5,2025-03-14,DASHEN,Google Play,neutral,POSITIVE,naiycapp
The app is good but it has no USSD option,4,2025-03-13,DASHEN,Google Play,negative,NEGATIVE,app good ussd option
Hey great,5,2025-03-12,DASHEN,Google Play,positive,POSITIVE,hey great
I have used many mobile banking and also tellebir and mpesa nothing come close to this app. Well done Dashen indeed one step a head. A lot of cool features that amole hasn't the receipt and the account statement is superb for me. I hope you add more integrated small apps to.,5,2025-03-12,DASHEN,Google Play,positive,POSITIVE,mobile banking tellebir mpesa come close app . dashen step head . lot cool feature amole receipt account statement superb . hope add integrate small app .
The app is good but it ask update every week so tiring,2,2025-03-11,DASHEN,Google Play,positive,NEGATIVE,app good ask update week tire
It good and easy to use,5,2025-03-11,DASHEN,Google Play,positive,POSITIVE,good easy use
·â†·å£·àù ·ä†·à™·çç ·àò·â∞·åç·â†·à™·ã´ ·äê·ãç ·ç¢ ·ä†·àò·à†·åç·äì·àà·àÅ ·ç¢,5,2025-03-10,DASHEN,Google Play,neutral,NEGATIVE,·â†·å£·àù ·ä†·à™·çç ·àò·â∞·åç·â†·à™·ã´ ·äê·ãç ·ç¢ ·ä†·àò·à†·åç·äì·àà·àÅ ·ç¢
"Greately improved since it was released! I really like the budget and expense tegistration feature. For ATM or POS withdrawals, it is not possible to account these expenses, even if it is visible on the transactions window. If that can be worked on, it will be improve so much!!",5,2025-03-10,DASHEN,Google Play,positive,POSITIVE,"greately improve release ! like budget expense tegistration feature . ATM POS withdrawal , possible account expense , visible transaction window . work , improve ! !"
Excellent,5,2025-03-10,DASHEN,Google Play,positive,POSITIVE,excellent
Wow Excellent app,5,2025-03-08,DASHEN,Google Play,positive,POSITIVE,wow Excellent app
Nice app but i experience some issues with others banks transfer it keeps saying account is not exist most of the time.,4,2025-03-08,DASHEN,Google Play,positive,NEGATIVE,nice app experience issue bank transfer keep say account exist time .
Add the option to send money to any telebirr account like amole does.,3,2025-03-08,DASHEN,Google Play,positive,NEGATIVE,add option send money telebirr account like amole .
It's best,5,2025-03-08,DASHEN,Google Play,positive,POSITIVE,good
no one dashen yichlal,5,2025-03-07,DASHEN,Google Play,negative,NEGATIVE,dashen yichlal
In short ! I'm so proud of this app developers for their highest professional of developing. Thanks,5,2025-03-06,DASHEN,Google Play,positive,POSITIVE,short ! proud app developer high professional develop . thank
The speed is too slow. Need some improvements.,2,2025-03-06,DASHEN,Google Play,positive,NEGATIVE,speed slow . need improvement .
good app,5,2025-03-04,DASHEN,Google Play,positive,POSITIVE,good app
Fantastic app,5,2025-03-01,DASHEN,Google Play,positive,POSITIVE,fantastic app
I wish dark mode feature is add as an option but it's good app,5,2025-02-27,DASHEN,Google Play,positive,POSITIVE,wish dark mode feature add option good app
"Super Up is the ultimate digital banking app, living up to its name with speed, efficiency, and innovation. Designed for a seamless experience, it offers lightning-fast transactions, top-tier security, and effortless financial management. With Super Up, banking has never been this smooth, smart, and super!",5,2025-02-26,DASHEN,Google Play,positive,POSITIVE,"super ultimate digital banking app , live speed , efficiency , innovation . design seamless experience , offer lightning - fast transaction , - tier security , effortless financial management . Super , banking smooth , smart , super !"
"The Dashen Super App is a game-changer in digital banking, offering a seamless and convenient experience. With its user-friendly interface, fast transactions, and a wide range of financial services, it simplifies banking for customers. Features like bill payments, fund transfers, mobile top-ups, and loan applications make it an all-in-one solution. Plus, its security measures ensure safe and reliable Experiance effortless banking",5,2025-02-26,DASHEN,Google Play,positive,POSITIVE,"Dashen Super App game - changer digital banking , offer seamless convenient experience . user - friendly interface , fast transaction , wide range financial service , simplify banking customer . feature like bill payment , fund transfer , mobile - up , loan application - - solution . plus , security measure ensure safe reliable Experiance effortless banking"
·ä®·å∞·äê·å®·ã®·å†,2,2025-02-26,DASHEN,Google Play,neutral,NEGATIVE,·ä®·å∞·äê·å®·ã®·å†
"It has good feature. But, it is Very Slow! difficult to pay or receive. The Speed should be improved, else I didn't recommend.",2,2025-02-24,DASHEN,Google Play,negative,NEGATIVE,"good feature . , slow ! difficult pay receive . Speed improve , recommend ."
Excellent app,5,2025-02-24,DASHEN,Google Play,positive,POSITIVE,excellent app
·ä†·çï·àç·ä¨·àΩ·äë ·ä†·à™·çç ·àÜ·äñ ·à≥·àà ·â¥·àå·â•·à≠ ·ãà·ã∞·à´·àµ ·â•·âª ·àà·àù·äï ·àÜ·äê ·ä•·äï·ã∞ ·ãµ·àÆ·ãç ·àà·à∞·ãç·àù ·àò·àã·ä≠ ·â¢·âª·àç,4,2025-02-22,DASHEN,Google Play,neutral,NEGATIVE,·ä†·çï·àç·ä¨·àΩ·äë ·ä†·à™·çç ·àÜ·äñ ·à≥·àà ·â¥·àå·â•·à≠ ·ãà·ã∞·à´·àµ ·â•·âª ·àà·àù·äï ·àÜ·äê ·ä•·äï·ã∞ ·ãµ·àÆ·ãç ·àà·à∞·ãç·àù ·àò·àã·ä≠ ·â¢·âª·àç
No good,1,2025-02-22,DASHEN,Google Play,negative,NEGATIVE,good
Wow amazing app,5,2025-02-21,DASHEN,Google Play,positive,POSITIVE,wow amazing app
best platform... Please avoid otp,5,2025-02-21,DASHEN,Google Play,positive,POSITIVE,good platform ... avoid otp
Super smart app.,5,2025-02-18,DASHEN,Google Play,positive,POSITIVE,super smart app .
best üëçüëç,5,2025-02-16,DASHEN,Google Play,positive,POSITIVE,good üëç üëç
I don't know what happens but the application is not send verification pass code you should fix that,1,2025-02-16,DASHEN,Google Play,neutral,NEGATIVE,know happen application send verification pass code fix
This app doesn't work on my phone my phone is Samsung Galaxy s7 android version 9 All other financial apps work like telebirr CBE M_pesa...,1,2025-02-14,DASHEN,Google Play,positive,NEGATIVE,app work phone phone Samsung Galaxy s7 android version 9 financial app work like telebirr CBE M_pesa ...
"Dashen Super app is secure, very easy to use and has more services uniquely like budgeting, chat, IPS...",5,2025-02-14,DASHEN,Google Play,positive,POSITIVE,"Dashen Super app secure , easy use service uniquely like budgeting , chat , IPS ..."
Amazing and user friendly supper app and looking forward the additional features,5,2025-02-14,DASHEN,Google Play,positive,POSITIVE,amazing user friendly supper app look forward additional feature
it's amazing app i have seen ever,5,2025-02-13,DASHEN,Google Play,positive,POSITIVE,amazing app see
One star deducted for not to able to transfer to telebirr.,4,2025-02-13,DASHEN,Google Play,neutral,NEGATIVE,star deduct able transfer telebirr .
·å•·à© ·äê·ãç ·åç·äï ·â†·ã∞·äï·â• ·àä·à∏·àª·àç ·ã≠·åà·â£·àç,4,2025-02-13,DASHEN,Google Play,neutral,NEGATIVE,·å•·à© ·äê·ãç ·åç·äï ·â†·ã∞·äï·â• ·àä·à∏·àª·àç ·ã≠·åà·â£·àç
·çç·å•·äê·â± ·â†·å£·àù ·ä†·à™·çç ·äê·ãç! ·ä•·äì ·âÄ·àà·àç ·ã´·àà ·äê·ãç ! ·äê·åà·à≠ ·åç·äï ·â∞·å®·àõ·à™ ·ãà·ã∞ ·â¥·àå·â•·à≠ ·ä§·åÄ·äï·âµ ·àò·àã·ä™·ã´ ·ä†·çï ·â¢·ä´·â∞·âµ·â†·âµ ·å•·à© ·äê·ãç::,4,2025-02-12,DASHEN,Google Play,neutral,NEGATIVE,·çç·å•·äê·â± ·â†·å£·àù ·ä†·à™·çç ·äê·ãç ! ·ä•·äì ·âÄ·àà·àç ·ã´·àà ·äê·ãç ! ·äê·åà·à≠ ·åç·äï ·â∞·å®·àõ·à™ ·ãà·ã∞ ·â¥·àå·â•·à≠ ·ä§·åÄ·äï·âµ ·àò·àã·ä™·ã´ ·ä†·çï ·â¢·ä´·â∞·âµ·â†·âµ ·å•·à© ·äê·ãç : :
Keep up the good work and pleas add water and electric utility payment,5,2025-02-12,DASHEN,Google Play,positive,POSITIVE,good work plea add water electric utility payment
The app missed some important features 1. It does't show recent transactions 2. Transfer to Telebirr limited to own telebirr 3. The statement does't show running balance,2,2025-02-11,DASHEN,Google Play,negative,NEGATIVE,app miss important feature 1 . does't recent transaction 2 . transfer Telebirr limit telebirr 3 . statement does't run balance
"Simple, Fast and Easy ‚≠ê‚≠ê‚≠êüéâ",4,2025-02-10,DASHEN,Google Play,positive,POSITIVE,"simple , Fast Easy ‚≠ê ‚≠ê ‚≠ê üéâ"
"·ã®·àö·åà·à≠·àù aplication ·äê·ãç, ·äê·åà·à≠ ·åç·äï ·â•·à≠ ·âµ·à´·äï·àµ·çà·à≠ ·à≤·ã∞·à®·åç ·ã´·àà ·çí·äï ·àò·àÜ·äë risk ·ä†·àà·ãç ·àÅ·àâ ·åä·ãú ·ã® ·âµ·à´·äï·àµ·çà·à≠ ·àò·ã∞·àù·ã∞·àö·ã´ ·çí·äï ·àò·àÜ·äï ·ä†·àà·â†·âµ!!!!!!!!!!!!:: ·ä†·à± ·â¢·àµ·â∞·ä´·ä®·àç 5 star ·ä†·àµ·ä®·ãõ·ãç ·åç·äï 4 ·à∞·å•·âª·àà·ãç::",4,2025-02-09,DASHEN,Google Play,negative,NEGATIVE,"·ã®·àö·åà·à≠·àù aplication ·äê·ãç , ·äê·åà·à≠ ·åç·äï ·â•·à≠ ·âµ·à´·äï·àµ·çà·à≠ ·à≤·ã∞·à®·åç ·ã´·àà ·çí·äï ·àò·àÜ·äë risk ·ä†·àà·ãç ·àÅ·àâ ·åä·ãú ·ã® ·âµ·à´·äï·àµ·çà·à≠ ·àò·ã∞·àù·ã∞·àö·ã´ ·çí·äï ·àò·àÜ·äï ·ä†·àà·â†·âµ ! ! ! ! ! ! ! ! ! ! ! ! : : ·ä†·à± ·â¢·àµ·â∞·ä´·ä®·àç 5 star ·ä†·àµ·ä®·ãõ·ãç ·åç·äï 4 ·à∞·å•·âª·àà·ãç : :"
Baankii daashin baankii hudna galeessa galatoomaa isinii woliin jirra Godina jimmaa magaalaa Aggaaroo irraa Muaz Abamecha Abamilki,5,2025-02-07,DASHEN,Google Play,neutral,NEGATIVE,Baankii daashin baankii hudna galeessa galatoomaa isinii woliin jirra Godina jimmaa magaalaa Aggaaroo irraa Muaz Abamecha Abamilki
It doesn't work,1,2025-02-07,DASHEN,Google Play,neutral,NEGATIVE,work
"#Dashen Super App; Super easy to use, secure, and fast transaction. Love it!",5,2025-02-07,DASHEN,Google Play,positive,POSITIVE,"# Dashen Super App ; Super easy use , secure , fast transaction . love !"
"I tried the new Dash Bank Super App today, and it's amazingly easy and fun.I recommend you download and use it. You really like it",5,2025-02-06,DASHEN,Google Play,positive,POSITIVE,"try new Dash Bank Super App today , amazingly easy fun . recommend download use . like"
Gud app kegza ga mezmn endze new aind ermjh kedme nachu hlam,5,2025-02-06,DASHEN,Google Play,neutral,NEGATIVE,Gud app kegza ga mezmn endze new aind ermjh kedme nachu hlam
"Good app, bad security",3,2025-02-06,DASHEN,Google Play,positive,POSITIVE,"good app , bad security"
On Transaction page only show sent Transaction. Try to include received transaction.,4,2025-02-06,DASHEN,Google Play,neutral,NEGATIVE,Transaction page send Transaction . try include receive transaction .
Wonderful Application üòç,5,2025-02-05,DASHEN,Google Play,positive,POSITIVE,Wonderful Application üòç
I loved it,5,2025-02-05,DASHEN,Google Play,positive,POSITIVE,love
·ä†·àÅ·äï ·åà·äì ·ä†·äï·ãµ ·ä•·à≠·àù·åÉ ·âÄ·ã∞·àõ·âΩ·ãç,5,2025-02-04,DASHEN,Google Play,neutral,NEGATIVE,·ä†·àÅ·äï ·åà·äì ·ä†·äï·ãµ ·ä•·à≠·àù·åÉ ·âÄ·ã∞·àõ·âΩ·ãç
I am so thankful for having this best app Dashen one step ahead,5,2025-02-04,DASHEN,Google Play,positive,POSITIVE,thankful have good app dashen step ahead
Not good this app,1,2025-02-04,DASHEN,Google Play,negative,NEGATIVE,good app
Best app,5,2025-02-04,DASHEN,Google Play,positive,POSITIVE,good app
Excellent app ever but it needs improvement on speed and transaction lists,1,2025-02-03,DASHEN,Google Play,positive,NEGATIVE,excellent app need improvement speed transaction list
Perfect,5,2025-02-02,DASHEN,Google Play,positive,POSITIVE,perfect
"It does not work functional ,",1,2025-02-02,DASHEN,Google Play,neutral,NEGATIVE,"work functional ,"
Ok,5,2025-02-02,DASHEN,Google Play,positive,POSITIVE,ok
all of dashen bank customers use the application it is good to use,5,2025-02-01,DASHEN,Google Play,positive,POSITIVE,dashen bank customer use application good use
Gret experience,5,2025-02-01,DASHEN,Google Play,neutral,NEGATIVE,gret experience
All good we need more,3,2025-01-31,DASHEN,Google Play,positive,POSITIVE,good need
"Dashen super app is easy to use, fast and robust",5,2025-01-31,DASHEN,Google Play,positive,POSITIVE,"dashen super app easy use , fast robust"
it was amazing app.....thank you dashen bank....,5,2025-01-30,DASHEN,Google Play,positive,POSITIVE,amazing app ..... thank dashen bank ....
Dashen bank super app for easy life.,5,2025-01-30,DASHEN,Google Play,positive,POSITIVE,dashen bank super app easy life .
Excellent UI/UX and beyond Banking servicesüëçüëç,5,2025-01-30,DASHEN,Google Play,positive,POSITIVE,Excellent UI / UX Banking service üëç üëç
Send to oher bank ·ã®·àö·àà·ãâ ·ãâ·àµ·å• ·åà·â•·â∞·äï ·ãà·ã∞ addisinternational bank ·àà·àò·àã·ä≠ ·ä†·ã≠·à∞·à´·àù ·àÅ·àà·â∞·äõ ·ã∞·åç·àû ·ãà·ã∞ cbe birr ·àà·àò·àã·ä≠ account number ·ã≠·å†·ã≠·âÉ·àç ·àû·â£·ã≠·àç ·äê·â†·à≠ ·äê·ãâ ·àò·å†·ã®·âÖ ·ã´·àà·â†·âµ ·ã≠·àò·àµ·àà·äõ·àç,2,2025-01-29,DASHEN,Google Play,positive,NEGATIVE,send oher bank ·ã®·àö·àà·ãâ ·ãâ·àµ·å• ·åà·â•·â∞·äï ·ãà·ã∞ addisinternational bank ·àà·àò·àã·ä≠ ·ä†·ã≠·à∞·à´·àù ·àÅ·àà·â∞·äõ ·ã∞·åç·àû ·ãà·ã∞ cbe birr ·àà·àò·àã·ä≠ account number ·ã≠·å†·ã≠·âÉ·àç ·àû·â£·ã≠·àç ·äê·â†·à≠ ·äê·ãâ ·àò·å†·ã®·âÖ ·ã´·àà·â†·âµ ·ã≠·àò·àµ·àà·äõ·àç
Just Wow,5,2025-01-29,DASHEN,Google Play,positive,POSITIVE,wow
mobile banking to the next level,5,2025-01-28,DASHEN,Google Play,neutral,POSITIVE,mobile banking level
The first 3 star review is me,3,2025-01-25,DASHEN,Google Play,neutral,POSITIVE,3 star review
Is not working,1,2025-01-25,DASHEN,Google Play,neutral,NEGATIVE,work
"Fast, reliable and user friendly. Amazing chatting features. Keep it up! Always one step ahead!",5,2025-01-24,DASHEN,Google Play,positive,POSITIVE,"fast , reliable user friendly . amazing chatting feature . ! step ahead !"
V good ‚ùóÔ∏è,5,2025-01-24,DASHEN,Google Play,positive,POSITIVE,V good ‚ùó Ô∏è
"This app is literally the best thing ever The chat banking is so easy just text and it‚Äôs done Super smooth, fast, and honestly a life saverIf you haven‚Äôt downloaded it yet you‚Äôre missing out big time",5,2025-01-23,DASHEN,Google Play,positive,POSITIVE,"app literally good thing chat banking easy text Super smooth , fast , honestly life saverif download miss big time"
I only see white page,2,2025-01-23,DASHEN,Google Play,neutral,NEGATIVE,white page
Excellent banking app for all your needs! Who needs a physical branch when you can use Dashen Bank Super App Instead! I've never had an issue with anything that Dashen Bank Super App haven't handled swiftly and resolved to my satisfaction and above I don't often write reviews but this is an app/bank that I would highly recommended to everyone üíØ üëåüëç,5,2025-01-22,DASHEN,Google Play,positive,POSITIVE,excellent banking app need ! need physical branch use Dashen Bank Super App instead ! issue Dashen Bank Super App handle swiftly resolve satisfaction write review app / bank highly recommend üíØ üëå üëç
Amizing Application üòç,5,2025-01-22,DASHEN,Google Play,positive,NEGATIVE,amize Application üòç
Fastest and easy to use,5,2025-01-22,DASHEN,Google Play,positive,POSITIVE,fastest easy use
·àµ·àù ·â•·âª üòè,2,2025-01-21,DASHEN,Google Play,neutral,NEGATIVE,·àµ·àù ·â•·âª üòè
Exellent app with exellent banking system and exellent bank ever,5,2025-01-21,DASHEN,Google Play,neutral,NEGATIVE,exellent app exellent banking system exellent bank
Amazing app to use as usual! But why option of transferring to Telebirr and M pesa which was available on Amole app is omitted?? Dasheen is my favourite keep it up.,4,2025-01-20,DASHEN,Google Play,positive,POSITIVE,amazing app use usual ! option transfer Telebirr M pesa available Amole app omit ? ? Dasheen favourite .
Needs some improvement,5,2025-01-20,DASHEN,Google Play,positive,NEGATIVE,need improvement
Amazing,5,2025-01-20,DASHEN,Google Play,positive,POSITIVE,amazing
Amazing super app,5,2025-01-19,DASHEN,Google Play,positive,POSITIVE,amazing super app
I hope it will be better than amole,5,2025-01-18,DASHEN,Google Play,positive,POSITIVE,hope well amole
Wly Super App ilove it ‚ù§Ô∏è üòç üíñ üíï,5,2025-01-18,DASHEN,Google Play,positive,NEGATIVE,Wly Super App ilove ‚ù§ Ô∏è üòç üíñ üíï
Dashen yichalal. Ewnetem one step a head,5,2025-01-17,DASHEN,Google Play,neutral,NEGATIVE,dashen yichalal . ewnetem step head
It has a Good performance but need more upgrade for more performance like when we login account not be fast balance show other thing looking good. Carry on. Thanks so much for Greatest service,4,2025-01-17,DASHEN,Google Play,positive,POSITIVE,good performance need upgrade performance like login account fast balance thing look good . carry . thank great service
"It is a very wonderful work that has saved its time. That is why it is ""Always one step ahead!""",5,2025-01-17,DASHEN,Google Play,positive,POSITIVE,"wonderful work save time . "" step ahead ! """
‚ÄúLife-changing!‚Äù I can‚Äôt imagine going back to traditional banking after using this app. It‚Äôs so convenient.,5,2025-01-17,DASHEN,Google Play,neutral,POSITIVE,""" life - change ! "" imagine go traditional banking app . convenient ."
Pro max,5,2025-01-17,DASHEN,Google Play,neutral,POSITIVE,Pro max
The most good app and easy,5,2025-01-16,DASHEN,Google Play,positive,POSITIVE,good app easy
"Excellent and user friendly App. Excellence is what makes you always one step ahead. Dashen Bank, Always One Step Ahead !!",5,2025-01-16,DASHEN,Google Play,positive,POSITIVE,"excellent user friendly App . Excellence make step ahead . Dashen Bank , Step ahead ! !"
Proud to be dashen family . Shout out to the serial entrepreneur üëè,5,2025-01-16,DASHEN,Google Play,positive,POSITIVE,proud dashen family . shout serial entrepreneur üëè
First ATM in East africa ‚≠êÔ∏è‚≠êÔ∏è‚≠êÔ∏è‚≠êÔ∏è‚≠êÔ∏è,5,2025-01-16,DASHEN,Google Play,neutral,POSITIVE,ATM East africa ‚≠ê Ô∏è ‚≠ê Ô∏è ‚≠ê Ô∏è ‚≠ê Ô∏è ‚≠ê Ô∏è
Best app.,5,2025-01-16,DASHEN,Google Play,positive,POSITIVE,good app .
Better Move to catch the competition upüëç,5,2025-01-16,DASHEN,Google Play,positive,POSITIVE,well catch competition üëç
"Great job my home, my bank.",5,2025-01-16,DASHEN,Google Play,positive,POSITIVE,"great job home , bank ."
Always one step ahead! What a masterpiece.,5,2025-01-16,DASHEN,Google Play,positive,POSITIVE,step ahead ! masterpiece .
Great App Well done Dashen Bank,5,2025-01-15,DASHEN,Google Play,positive,POSITIVE,Great App Dashen Bank
Great!,5,2025-01-15,DASHEN,Google Play,positive,POSITIVE,great !
"I love it but it has bugs during confirmation of password! So, please make it functional",5,2025-01-15,DASHEN,Google Play,positive,POSITIVE,"love bug confirmation password ! , functional"
Always one step forward,5,2025-01-15,DASHEN,Google Play,neutral,POSITIVE,step forward
"It's great! But it will be advanced if you include a caption that allow customers to transfer to Telebirr account. Dashen Bank, ""·ä©·àâ ·åç·ãú·ç° ·àì·ã∞ ·àµ·åï·àö ·âÄ·ã≥·àö·ç¢"" (Always one step ahead!)",4,2025-01-15,DASHEN,Google Play,positive,POSITIVE,"great ! advanced include caption allow customer transfer Telebirr account . Dashen Bank , "" ·ä©·àâ ·åç·ãú·ç° ·àì·ã∞ ·àµ·åï·àö ·âÄ·ã≥·àö·ç¢ "" ( step ahead ! )"
Small size with vast features and functionalities.,5,2025-01-15,DASHEN,Google Play,neutral,POSITIVE,small size vast feature functionality .
Amazing app üëè üëå Dashen bank one step a head,5,2025-01-15,DASHEN,Google Play,positive,POSITIVE,amazing app üëè üëå Dashen bank step head
"It has a great application features from the beginning. I'm glad to use it even I haven't used it yet because I haven't activated my account yet. But it's simple, comprehensive, full of information, and fast. ·â†·à≠·â± ·ã≥·à∏·äñ·âΩ: The super app has impressed me more than I expected.",5,2025-01-15,DASHEN,Google Play,positive,POSITIVE,"great application feature beginning . glad use activate account . simple , comprehensive , information , fast . ·â†·à≠·â± ·ã≥·à∏·äñ·âΩ : super app impress expect ."
Dashen Bank Always One Step Ahead!,5,2025-01-15,DASHEN,Google Play,neutral,POSITIVE,Dashen Bank Step ahead !
U can't create account,1,2025-01-15,DASHEN,Google Play,negative,NEGATIVE,u create account
Really super app... so seamless and with a nice user interface .. we are proud of you dashen bank ...,5,2025-01-15,DASHEN,Google Play,positive,POSITIVE,super app ... seamless nice user interface .. proud dashen bank ...
We will see it,2,2025-01-15,DASHEN,Google Play,neutral,POSITIVE,
Always one step a head!,5,2025-01-15,DASHEN,Google Play,neutral,POSITIVE,step head !
"A lightweight,catchy and smooth app",5,2025-01-15,DASHEN,Google Play,neutral,POSITIVE,"lightweight , catchy smooth app"
Very impressive interface with best security feature and user friendly app.,5,2025-01-15,DASHEN,Google Play,positive,POSITIVE,impressive interface good security feature user friendly app .
It is so far so good it has a unique features than telebirr good job Dashen,5,2025-01-15,DASHEN,Google Play,positive,POSITIVE,far good unique feature telebirr good job dashen
"Yea , it's a good idea to make it with the bank name, it will help for the bank easily to find the application, and customers can easily downloed and use the product. I wish all the best for Dashen bank initiative.",5,2025-01-15,DASHEN,Google Play,positive,POSITIVE,"yea , good idea bank , help bank easily find application , customer easily downloe use product . wish good Dashen bank initiative ."
This is My Bank!,5,2025-01-15,DASHEN,Google Play,neutral,POSITIVE,Bank !
"Truly, db => AlwaysOneStepAhead !!",5,2025-01-14,DASHEN,Google Play,positive,NEGATIVE,"truly , db = > alwaysonestepahead ! !"
ALWAYS ONE STEP AHEAD,5,2025-01-14,DASHEN,Google Play,neutral,POSITIVE,step ahead
Well developed,5,2025-01-14,DASHEN,Google Play,positive,POSITIVE,develop
oh nice!!! i wish it's very nice app,5,2025-01-14,DASHEN,Google Play,positive,POSITIVE,oh nice ! ! ! wish nice app
Really the app looks like amazing. I can't wait to activate in the morning.,5,2025-01-14,DASHEN,Google Play,positive,POSITIVE,app look like amazing . wait activate morning .
Applause üëè Dashen Bank. One of the best super app inorder to pay easily and securely. One step a head.,5,2025-01-14,DASHEN,Google Play,positive,POSITIVE,applause üëè Dashen Bank . good super app inorder pay easily securely . step head .
Wow Dashen Super App üöÄüöÄ,5,2025-01-14,DASHEN,Google Play,positive,POSITIVE,wow Dashen Super App üöÄ üöÄ
All in One,5,2025-01-14,DASHEN,Google Play,neutral,POSITIVE,
The best Banking app I have ever seen,5,2025-01-14,DASHEN,Google Play,positive,POSITIVE,good Banking app see
It looks good and simple to use,5,2025-01-14,DASHEN,Google Play,positive,POSITIVE,look good simple use
App That makes Difference!,5,2025-01-14,DASHEN,Google Play,neutral,POSITIVE,App make difference !
Faster and userfriendly,5,2025-01-14,DASHEN,Google Play,neutral,POSITIVE,fast userfriendly
"Waw Great and innovated,user friendly, always one step ahead",5,2025-01-13,DASHEN,Google Play,positive,POSITIVE,"Waw Great innovate , user friendly , step ahead"
It's Best waww üôè,5,2025-01-13,DASHEN,Google Play,positive,POSITIVE,good waww üôè
Always one step ahead,5,2025-01-13,DASHEN,Google Play,neutral,POSITIVE,step ahead
"Like Me, I Hope It Works Better Than Before.",5,2025-01-11,DASHEN,Google Play,positive,POSITIVE,"like , hope work well ."
40% good,2,2025-06-04,DASHEN,Google Play,positive,POSITIVE,40 % good
